2129,69.85
2191,70.25
2253,70.3
2315,70.25
2377,70.2
2439,70.25
2501,70.2
2563,70.3
2625,66.02
2687,70.66
2749,70.3
2811,70.15
2873,70.1
2935,70.1
2997,70.05
3059,70.1
3121,70.15
3183,70.1
3245,70.15
3307,70
3369,70.1
3431,70.1
3493,70.1
3555,70.15
3617,70.15
3679,70.1
3741,70.1
3803,70.1
3865,70.05
3927,70.15
3989,70.1
4051,70.1
4113,70.1
4175,70.05
4237,70.1
4299,70.05
4361,70.05
4423,70.05
4485,70.05
4547,70.05
4609,70.05
4671,70.1
4733,70.1
4795,70.1
4857,70.15
4919,70
4981,70.1
5043,70.1
5105,70.05
5167,70.05
5229,70.05
5291,70.1
5353,70
5415,70.05
5477,70.1
5539,70.05
5601,70.05
5663,70
5725,70.05
5787,70.05
5849,69.95
5911,70.05
5973,70.05
6035,70.05
6097,70.05
6159,70.1
6221,70.1
6283,70.05
6345,70.1
6407,70.05
6469,70.1
6531,70.05
6593,70.15
6655,70.05
6717,70.1
6779,70.05
6841,70.05
6903,70.05
6965,70.05
7027,70.1
7089,70.05
7151,70.05
7213,70.05
7275,70.1
7337,70.05
7399,70.05
7461,70.1
7523,70.05
7585,70.05
7647,70.1
7709,70.05
7771,70.05
7833,70.05
7895,70.05
7957,70.05
8019,70.05
8081,70
8143,70.05
8205,70.1
8267,70.05
8329,70.05
8391,69.95
8453,70.1
8515,70.05
8577,70.1
8639,70.1
8701,70.05
8763,70.1
8825,70
8887,70.05
8949,70.1
9011,70.05
9073,70.1
9135,70.05
9197,70.05
9259,70
9321,70.1
9383,70.05
9445,70
9507,70
9569,70.05
9631,70.05
9693,70.1
9755,70.05
9817,70.1
9879,70.05
9941,70.05
10003,70.1
10065,70
10127,70.05
10189,70.05
10251,70.05
10313,70.05
10375,70.15
10437,70.15
10499,70.05
10561,70.1
10623,70.1
10685,70
10747,70.1
10809,70.05
10871,70.05
10933,69.95
10995,70
11057,70.05
11119,70
11181,70.1
11243,70.05
11305,70.1
11367,70.05
11429,70.1
11491,70.05
11553,70.1
11615,70.1
11677,70.05
11739,70.1
11801,70.05
11863,70.1
11925,70.05
11987,70.05
12049,70.05
12111,70
12173,70.05
12235,70
12297,70.05
12359,70.1
12421,70
12483,70.1
12545,70.05
12607,70
12669,70
12731,70
12793,70.05
12855,70
12917,70.05
12979,70
13041,70.05
13103,70.05
13165,70
13227,70.1
13289,70.05
13351,70.1
13413,70.05
13475,70
13537,70
13599,69.95
13661,70.05
13723,70.1
13785,70.05
13847,70.1
13909,70.1
13971,70.1
14033,70.05
14095,70.05
14157,70
14219,70
14281,70
14343,70.05
14405,70
14467,70.1
14529,70.05
14591,70.05
14653,70
14715,70.05
14777,70.1
14839,70.05
14901,69.95
14963,70.1
15025,70.1
15087,70
15149,70.05
15211,70.05
15273,70
15335,70.05
15397,70.05
15459,70.05
15521,70.1
15583,70
15645,70.05
15707,70
15769,70.05
15831,70.05
15893,70.05
15981,70
16043,70
16105,70.05
16167,70.05
16229,70.05
16291,70.05
16353,70.05
16415,70.05
16477,70.05
16539,70.05
16601,70.05
16663,70.1
16725,70.05
16787,70.1
16849,70.05
16911,70.1
16973,70
17035,70.05
17097,70.05
17159,70
17221,70.05
17283,70
17345,70.05
17407,70.05
17469,70.05
17531,69.95
17593,70.05
17655,70
17717,70.05
17779,70
17841,70.1
17903,70.05
17965,70.05
18027,70.1
18089,70.05
18151,70
18213,70.05
18275,70
18337,70.05
18399,70.05
18461,70
18523,70.05
18585,70
18647,70.05
18709,70.1
18771,70.05
18833,70.05
18895,70
18957,70.05
19019,70.05
19081,70.05
19143,70
19205,70.05
19267,70
19329,70.05
19391,70
19453,70.05
19515,69.95
19577,70.1
19639,70.05
19701,70
19763,70.05
19825,70.05
19887,70.1
19949,70.1
20011,70.05
20073,70.05
20135,70.05
20197,70
20259,70.05
20321,70.05
20383,70.05
20445,70
20507,70
20569,70.05
20631,70.05
20693,70
20755,70.05
20817,70.05
20879,70.05
20941,70
21003,70.05
21065,70.1
21127,70.05
21189,70.1
21251,70.05
21313,70.05
21375,70.1
21437,70.05
21499,70.1
21561,70.05
21623,70.05
21685,70.05
21747,70.05
21809,70.05
21871,70
21933,70.05
21995,69.95
22057,69.95
22119,70.05
22181,70.1
22243,70.1
22305,70.05
22367,70.05
22429,70.05
22491,70
22553,70.05
22615,70.05
22677,70.05
22739,70.05
22801,70
22863,70.05
22925,70.05
22987,70
23049,70.05
23111,70
23173,70.05
23235,70.05
23297,70.05
23359,70
23421,70
23483,70.1
23545,70
23607,70
23669,70.05
23731,70.1
23793,70
23855,70.05
23917,70.15
23979,70.1
24041,70
24103,70.05
24165,70.05
24227,70.05
24289,70.05
24351,70.1
24413,70.05
24475,70.1
24537,70.05
24599,70.05
24661,70.1
24723,70.1
24785,70
24847,70.05
24909,69.95
24971,70.05
25033,70.1
25095,70
25157,70.05
25219,70.05
25281,70.05
25343,70.1
25405,70
25467,70.05
25529,70.1
25591,70
25653,70.1
25715,70.05
25777,70.05
25839,70.1
25901,70
25963,70.05
26025,70.05
26087,70.05
26149,70.05
26211,70.05
26273,70.05
26335,70.05
26397,70
26459,70
26521,70.05
26583,70.05
26645,70
26707,70
26769,70.05
26831,70.1
26893,70.05
26955,70
27017,70.05
27079,70.05
27141,69.95
27203,70
27265,70
27327,70
27389,70
27451,70
27513,70
27575,70.05
27637,70.05
27699,70.05
27761,70
27823,70
27885,70
27947,70.05
28009,70
28071,70
28133,70.05
28195,70.05
28257,70
28319,70
28381,70.05
28443,70
28505,70
28567,70
28629,70
28691,70
28753,70
28815,70
28877,70
28939,70
29001,70
29063,70.05
29125,70.05
29187,70.15
29249,70.05
29320,70
29382,70
29444,70
29506,70.05
29568,70
29630,70
29692,70.05
29754,70.05
29816,70.05
29878,70
29940,70.05
30002,70
30064,70
30126,69.95
30188,70
30250,70
30312,70.05
30374,70.05
30436,70.05
30498,70.05
30560,70.05
30622,70.05
30684,70.05
30746,70.05
30808,70
30870,70
30932,70
30994,70.05
31056,70.1
31118,70.05
31180,70.05
31242,70.1
31304,70.1
31366,70.05
31428,70.1
31490,70
31552,70.05
31614,70.05
31676,70.05
31738,70.1
31800,70.05
31862,70.05
31924,70.05
31986,70.05
32048,70.05
32110,70
32172,70.05
32234,70
32296,70.05
32358,70
32420,70.05
32482,70.05
32544,69.95
32606,70.1
32668,70.1
32730,70.05
32792,70.05
32854,70
32916,70.05
32978,70.1
33040,70.05
33102,70
33164,70.1
33226,70.1
33288,70.1
33350,70.05
33412,70
33474,70.1
33536,70.05
33598,70.05
33660,70.05
33722,70.05
33784,70.1
33846,70.05
33908,70.05
33970,70.1
34032,70.05
34094,70
34156,70
34218,70.1
34280,70
34342,70
34404,70.1
34466,70
34528,70.05
34590,70.1
34652,70.1
34714,70
34776,69.95
34838,70.05
34900,70
34962,70.05
35024,70.05
35086,69.95
35148,70
35210,70.05
35272,70.05
35334,70.05
35396,69.95
35458,70
35520,70.05
35582,70.05
35644,70.05
35706,70
35768,70.05
35830,70.05
35892,70.05
35954,70.05
36016,70.1
36078,70.05
36140,70
36202,70
36264,70.05
36326,70.05
36388,70
36450,70.05
36512,70
36574,70
36636,70.1
36698,70
36760,70
36822,70.05
36884,70.05
36946,69.95
37008,70
37070,70
37132,70.1
37194,70
37256,70.05
37318,70
37380,70
37442,70.05
37504,70.05
37566,70
37628,69.95
37690,70.05
37752,69.95
37814,70.05
37876,70.05
37938,69.9
38000,70
38062,70.1
38124,70.05
38186,70.05
38248,70.05
38310,69.95
38372,70.05
38434,70
38496,70
38558,70
38620,70.05
38682,70.05
38744,69.95
38806,70.05
38868,70
38930,70.1
38992,70
39054,70.05
39116,70.05
39178,69.95
39240,70
39302,70
39364,70
39426,70.05
39488,70.05
39550,70
39612,69.95
39674,70
39736,70.05
39798,70.1
39860,70.05
39922,70
39984,70.05
40046,70.05
40108,70.1
40170,70
40232,70.05
40294,70.05
40356,70.05
40418,70
40480,69.95
40542,70
40604,69.95
40666,70
40728,70.05
40790,70.05
40852,70.05
40914,70.05
40976,70
41038,70
41100,70.05
41162,70.05
41224,70
41286,70
41348,70.05
41410,70.05
41472,70.05
41534,70.1
41596,70.1
41658,70.05
41720,70.05
41782,70
41844,70.05
41906,70.05
41968,70
42030,70
42092,70
42154,70
42216,70
42278,70
42340,70.1
42402,70.05
42464,70
42526,70
42588,70.05
42650,70.05
42721,70.05
42783,70
42845,69.95
42907,70.05
42969,70
43031,69.95
43093,70
43155,70.1
43217,70.1
43279,70
43341,69.95
43403,69.95
43465,70
43527,70
43589,70
43651,69.95
43713,70
43775,70.05
43837,70.1
43899,70.05
43961,70
44023,70.05
44085,70
44147,69.95
44209,70.05
44271,70
44333,69.95
44395,70.05
44457,70
44519,70
44581,70
44643,70
44705,70.05
44767,70.1
44829,70
44891,70.05
44953,70.05
45015,69.95
45077,70
45139,70
45201,70
45263,70.05
45325,70.05
45387,70
45449,70.05
45511,70.1
45573,70
45635,70
45697,70.05
45759,70
45821,70
45883,69.95
45945,70.05
46007,70.05
46069,70.05
46131,70
46193,70.05
46255,70
46317,70.05
46379,70
46441,70.05
46503,70
46565,70
46627,70
46689,70
46751,70.05
46813,70
46875,70.05
46937,70
46999,70.1
47061,69.95
47123,70.05
47185,70
47247,70.05
47309,70
47371,70
47433,70.05
47495,70
47557,70.05
47619,69.95
47681,70.05
47743,70
47805,70.05
47867,70.1
47929,70
47991,70.05
48053,70
48115,69.95
48177,70.05
48239,70
48301,70.05
48363,70
48425,70
48487,70
48549,70
48611,69.95
48673,70.05
48735,70.05
48797,70
48859,70
48921,70
48983,70.05
49045,70
49107,70.05
49169,70
49231,70.05
49293,70
49355,70
49417,70.05
49479,70
49541,70
49603,70.05
49665,70
49727,70
49789,70
49851,70.05
49913,70.1
49975,70.05
50037,70.05
50099,70
50161,70.05
50223,70.05
50285,70
50347,70
50409,70.05
50471,70
50533,70.05
50595,70
50657,69.9
50719,70
50781,70
50843,70
50905,69.95
50967,69.9
51029,70
51091,69.95
51153,69.95
51215,70.05
51277,70
51339,70.05
51401,70
51463,70
51525,70
51587,70
51649,70.05
51711,70.05
51773,70.05
51835,70.05
51897,70.05
51959,70
52021,70.1
52083,70.05
52145,70.05
52207,70.1
52269,70.05
52331,70
52393,70
52455,70
52517,70
52579,70.05
52641,70.05
52703,70.05
52765,70.05
52827,70.1
52889,70
52951,70
53013,70.05
53075,70.05
53137,70.05
53199,69.95
53261,70.1
53323,70
53385,70.1
53447,70.05
53509,69.95
53571,69.95
53633,70.05
53695,70
53757,70.05
53819,70
53881,70
53943,70
54005,70.05
54067,70
54129,69.95
54191,70
54253,69.95
54315,70
54377,70
54439,70.05
54501,70
54563,70.05
54625,70.05
54687,70.05
54749,70
54811,70
54873,70.05
54935,70.05
54997,70
55059,70
55121,70.05
55183,70
55245,69.95
55307,70
55369,69.95
55431,69.95
55493,70
55555,70
55617,70.05
55679,70
55741,69.95
55803,70.05
55865,70.1
55927,70
55989,69.95
56060,69.95
56122,70.05
56184,70.05
56246,70
56308,70.05
56370,69.95
56432,70.05
56494,69.95
56556,70.05
56618,70.05
56680,69.95
56742,70
56804,70.05
56866,70
56928,70
56990,70
57052,70
57114,69.95
57176,70
57238,70
57300,70.05
57362,70
57424,70.05
57486,70.05
57548,69.95
57610,70
57672,69.95
57734,69.95
57796,69.95
57858,70
57920,69.95
57982,70
58044,70
58106,70.05
58168,70
58230,70.05
58292,70
58354,70.05
58416,70.05
58478,70
58540,70.1
58602,69.95
58664,70
58726,70
58788,69.95
58850,70.05
58912,69.95
58974,70
59036,70.05
59098,70.05
59160,70
59222,70
59284,70.05
59346,70
59408,70.05
59470,70
59532,70.05
59594,70.05
59656,70.05
59718,69.95
59780,70
59842,70.05
59904,70
59966,70
60028,70.05
60090,70
60152,70
60214,70.1
60276,70
60338,70
60400,70
60462,69.95
60524,70
60586,70
60648,70.05
60710,69.9
60772,70
60834,70
60896,70
60958,70.05
61020,70.05
61082,70
61144,69.9
61206,70
61268,70
61330,70
61392,70.05
61454,69.95
61516,69.95
61578,70
61640,70
61702,69.95
61764,70
61826,70
61888,69.95
61950,70
62012,69.95
62074,70
62136,70
62198,70
62260,70.05
62322,70
62384,69.95
62446,70
62508,70
62570,70
62632,70
62694,69.95
62756,69.9
62818,70
62880,70
62942,70
63004,70
63066,70
63128,70
63190,70
63252,70
63314,70.05
63376,70
63438,70
63500,70
63562,70
63624,70
63686,69.95
63748,69.95
63810,69.95
63872,70.05
63934,70
63996,69.9
64058,70
64120,70
64182,70
64244,69.95
64306,70.05
64368,70.05
64430,70
64492,70
64554,69.9
64616,70
64678,69.95
64740,70.05
64802,70.05
64864,70.05
64926,69.95
64988,70
65050,70.05
65112,70
65174,70.05
65236,70.05
65298,70
65360,69.95
65422,70
65484,70
65546,69.95
65608,70
65670,69.95
65732,70
65794,70
65856,70
65918,70
65980,70
66042,70
66104,70.05
66166,70.05
66228,69.9
66290,69.95
66352,70
66414,69.95
66476,70
66538,69.9
66600,70.05
66662,69.95
66724,70.1
66786,70.05
66848,70.05
66910,70
66972,70
67034,70
67096,69.95
67158,70
67220,70
67282,69.95
67344,70
67406,70.05
67468,69.95
67530,69.95
67592,69.95
67654,70
67716,70
67778,69.95
67840,70
67902,70
67964,70
68026,70
68088,69.95
68150,70
68212,70
68274,70
68336,69.95
68398,69.95
68460,69.95
68522,70
68584,70
68646,69.95
68708,70
68770,69.9
68832,69.95
68894,69.95
68956,70.05
69018,70
69080,69.95
69142,69.9
69204,69.95
69266,70
69328,69.95
69390,70
69461,70
69523,70
69585,70
69647,69.95
69709,70
69771,70
69833,69.9
69895,70
69957,70
70019,70
70081,70
70143,70
70205,70
70267,70.05
70329,69.95
70391,69.95
70453,69.95
70515,69.95
70577,69.9
70639,69.95
70701,70
70763,70
70825,69.95
70887,69.95
70949,69.95
71011,69.9
71073,69.95
71135,69.95
71197,69.95
71259,69.9
71321,69.95
71383,69.9
71445,69.95
71507,70.05
71569,70
71631,69.9
71693,70
71755,69.95
71817,69.95
71879,69.95
71941,69.9
72003,69.9
72065,69.95
72127,69.9
72189,70
72251,70
72313,69.9
72375,70
72437,69.95
72499,69.95
72561,69.95
72623,69.95
72685,69.9
72747,69.95
72809,69.95
72871,70
72933,70
72995,69.95
73057,69.9
73119,69.95
73181,69.95
73243,69.95
73305,69.95
73367,69.95
73429,69.9
73491,69.9
73553,70
73615,69.95
73677,69.9
73739,69.95
73801,70
73863,70
73925,70
73987,70
74049,70
74111,70
74173,69.95
74235,70
74297,70
74359,70
74421,70
74483,69.9
74545,69.95
74607,69.9
74669,70
74731,69.95
74793,69.95
74855,70
74917,70
74979,69.9
75041,69.95
75103,70
75165,69.95
75227,70
75289,69.95
75351,69.95
75413,69.95
75475,69.95
75537,70
75599,69.95
75661,70
75723,70
75785,69.95
75847,70
75909,69.95
75971,69.95
76033,69.95
76095,69.85
76157,70
76219,70
76281,70
76343,69.95
76405,69.95
76467,70
76529,70
76591,69.95
76653,70
76715,69.95
76777,69.95
76839,69.9
76901,70
76963,69.9
77025,69.85
77087,69.95
77149,69.9
77211,69.9
77273,70
77335,69.95
77397,69.95
77459,70
77521,70
77583,69.95
77645,70
77707,69.95
77769,69.95
77831,69.95
77893,70
77955,69.9
78017,69.95
78079,69.95
78141,69.95
78203,69.95
78265,70
78327,69.95
78389,70
78451,69.95
78513,69.95
78575,70.05
78637,70
78699,70
78761,69.95
78823,69.95
78885,70
78947,69.95
79009,70
79071,70
79133,69.95
79195,69.95
79257,69.9
79319,69.95
79381,69.95
79443,70
79505,69.95
79567,69.9
79629,70
79691,69.95
79753,69.95
79815,69.9
79877,69.95
79939,70
80001,69.95
80063,69.9
80125,69.9
80187,69.95
80249,69.95
80311,69.9
80373,70
80435,69.95
80497,70
80559,69.95
80621,70
80683,70
80745,70
80807,69.9
80869,70
80931,70
80993,69.95
81055,69.9
81117,69.9
81179,69.9
81241,69.95
81303,69.9
81365,69.9
81427,69.9
81489,70
81551,70
81613,69.95
81675,69.9
81737,69.95
81799,69.9
81861,69.9
81923,69.9
81985,69.95
82047,69.9
82109,69.9
82171,69.9
82233,69.95
82295,69.95
82357,69.95
82419,69.95
82481,69.95
82543,69.95
82605,69.95
82667,70.05
82729,70
82791,69.9
82862,69.95
82924,70
82986,69.95
83048,69.9
83110,69.95
83172,69.95
83234,69.9
83296,69.9
83358,69.9
83420,70
83482,69.9
83544,69.9
83606,69.95
83668,69.95
83730,69.9
83792,69.95
83854,69.9
83916,69.95
83978,69.9
84040,70
84102,70
84164,69.95
84226,70
84288,69.9
84350,70
84412,69.95
84474,69.95
84536,69.95
84598,69.95
84660,70
84722,70
84784,69.95
84846,69.95
84908,70
84970,69.9
85032,69.95
85094,70
85156,70
85218,70
85280,70
85342,69.95
85404,70
85466,70
85528,70
85590,69.9
85652,69.9
85714,69.95
85776,69.95
85838,70
85900,69.95
85962,69.95
86024,69.95
86086,69.9
86148,69.95
86210,69.95
86272,70
86334,69.95
86396,69.95
86458,69.95
86520,69.95
86582,69.9
86644,69.9
86706,70
86768,70
86830,69.9
86892,69.9
86954,69.95
87016,70
87078,69.95
87140,70
87202,69.9
87264,69.95
87326,69.9
87388,70
87450,69.95
87512,69.79
87574,69.95
87636,69.95
87698,69.9
87760,69.9
87822,69.9
87884,69.85
87946,69.9
88008,69.9
88070,69.85
88132,69.9
88194,69.95
88256,69.95
88318,70
88380,69.9
88442,69.95
88504,69.95
88566,70
88628,69.95
88690,69.9
88752,69.95
88814,69.95
88876,69.9
88938,69.9
89000,69.95
89062,69.9
89124,69.9
89186,69.85
89248,69.9
89310,69.9
89372,69.9
89434,69.9
89496,69.9
89558,69.9
89620,69.95
89682,69.9
89744,69.85
89806,69.9
89868,69.85
89930,69.9
89992,69.9
90054,69.85
90116,69.95
90178,69.9
90240,69.9
90302,69.9
90364,69.95
90426,69.95
90488,69.95
90550,69.95
90612,69.9
90674,69.95
90736,69.95
90798,69.9
90860,69.9
90922,69.95
90984,69.9
91046,70
91108,70
91170,69.95
91232,69.95
91294,69.95
91356,70
91418,69.95
91480,69.9
91542,69.95
91604,69.9
91666,69.95
91728,69.95
91790,69.95
91852,69.95
91914,69.95
91976,69.9
92038,69.9
92100,69.95
92162,70
92224,69.9
92286,69.9
92348,69.9
92410,69.95
92472,69.95
92534,69.95
92596,69.85
92658,69.95
92720,69.95
92782,69.9
92844,69.85
92906,69.9
92968,70
93030,70
93092,69.95
93154,69.95
93216,69.9
93278,69.9
93340,69.95
93402,69.95
93464,69.9
93526,69.95
93588,70
93650,69.9
93712,69.95
93774,69.9
93836,69.95
93898,69.95
93960,70
94022,69.85
94084,69.9
94146,69.95
94208,69.95
94270,69.9
94332,69.9
94394,69.95
94456,69.95
94518,70
94580,69.95
94642,69.9
94704,69.9
94766,69.95
94828,69.9
94890,69.9
94952,70
95014,69.95
95076,69.9
95138,69.85
95200,69.95
95262,69.95
95324,69.95
95386,69.95
95448,69.95
95510,69.9
95572,69.95
95634,69.9
95696,69.95
95758,70
95820,70
95882,69.95
95944,69.95
96006,70
96068,69.95
96130,70
96201,69.95
96263,69.95
96325,69.95
96387,69.95
96449,69.9
96511,69.95
96573,69.95
96635,69.95
96697,69.95
96759,69.95
96821,69.9
96883,69.9
96945,69.9
97007,69.95
97069,69.85
97131,69.9
97193,69.95
97255,69.9
97317,69.9
97379,69.9
97441,69.9
97503,69.95
97565,69.9
97627,69.9
97689,69.95
97751,69.9
97813,69.9
97875,69.95
97937,69.95
97999,69.85
98061,69.95
98123,69.95
98185,69.95
98247,69.95
98309,69.9
98371,69.95
98433,69.9
98495,70
98557,69.95
98619,70
98681,69.9
98743,69.9
98805,69.9
98867,69.95
98929,69.9
98991,70
99053,69.95
99115,69.9
99177,69.9
99239,69.9
99301,69.9
99363,69.95
99425,69.95
99487,69.95
99549,70
99611,69.95
99673,69.95
99735,69.95
99797,70
99859,69.9
99921,69.9
99983,69.9
100045,69.95
100107,69.9
100169,69.95
100231,69.95
100293,69.9
100355,69.95
100417,69.95
100479,69.95
100541,69.85
100603,69.9
100665,69.95
100727,69.95
100789,69.95
100851,69.79
100913,69.9
100975,69.9
101037,69.95
101099,69.95
101161,69.9
101223,69.9
101285,69.95
101347,69.95
101409,69.9
101471,69.95
101533,69.95
101595,69.95
101657,69.95
101719,69.95
101781,69.95
101843,69.95
101905,69.95
101967,69.9
102029,69.95
102091,69.9
102153,70
102215,69.9
102277,69.95
102339,69.95
102401,69.9
102463,69.95
102525,69.95
102587,69.95
102649,69.95
102711,69.9
102773,69.95
102835,69.95
102897,69.9
102959,69.95
103021,69.95
103083,69.79
103145,69.95
103207,69.9
103269,69.85
103331,69.95
103393,69.85
103455,69.9
103517,69.95
103579,69.95
103641,70
103703,69.95
103765,69.95
103827,69.95
103889,70.05
103951,69.85
104013,69.9
104075,69.95
104137,69.95
104199,69.95
104261,69.95
104323,69.9
104385,69.95
104447,69.95
104509,70
104571,70
104633,69.9
104695,69.95
104757,69.95
104819,70.05
104881,69.95
104943,69.9
105005,69.9
105067,69.9
105129,69.9
105191,69.9
105253,69.95
105315,69.9
105377,69.95
105439,69.95
105501,69.95
105563,69.9
105625,69.79
105687,69.95
105749,69.95
105811,69.85
105873,69.95
105935,69.9
105997,69.85
106059,69.95
106121,69.9
106183,69.9
106245,69.85
106307,69.95
106369,69.9
106431,69.9
106493,69.9
106555,69.95
106617,69.95
106679,69.85
106741,69.95
106803,69.9
106865,69.9
106927,69.95
106989,69.95
107051,69.9
107113,69.9
107175,69.9
107237,69.95
107299,69.95
107361,69.9
107423,69.9
107485,69.9
107547,69.9
107609,69.9
107671,69.95
107733,69.9
107795,69.9
107857,69.95
107919,69.95
107981,69.95
108043,69.9
108105,69.9
108167,69.85
108229,69.95
108291,69.95
108353,69.95
108415,70
108477,69.85
108539,69.95
108601,69.95
108663,69.95
108725,69.9
108787,69.95
108849,70
108911,69.95
108973,70
109035,69.9
109106,69.9
109168,69.9
109230,70
109292,69.9
109354,69.9
109416,69.9
109478,69.95
109540,69.9
109602,69.95
109664,69.95
109726,69.9
109788,69.95
109850,69.85
109912,69.95
109974,69.9
110036,69.95
110098,69.9
110160,69.9
110222,69.95
110284,69.95
110346,69.9
110408,69.95
110470,69.95
110532,69.9
110594,69.95
110656,69.9
110718,69.9
110780,69.9
110842,69.9
110904,69.9
110966,69.9
111028,69.74
111090,69.9
111152,69.95
111214,69.9
111276,69.9
111338,69.9
111400,69.95
111462,69.95
111524,69.95
111586,69.9
111648,69.95
111710,69.9
111772,69.95
111834,69.95
111896,69.9
111958,69.95
112020,69.95
112082,70
112144,69.95
112206,69.95
112268,69.95
112330,70
112392,69.9
112454,69.95
112516,69.9
112578,69.95
112640,69.95
112702,69.95
112764,69.95
112826,69.85
112888,69.95
112950,69.95
113012,69.95
113074,70
113136,69.95
113198,69.95
113260,69.95
113322,69.95
113384,70
113446,70
113508,69.95
113570,69.85
113632,69.95
113694,69.95
113756,70
113818,69.95
113880,69.85
113942,69.9
114004,69.9
114066,69.95
114128,69.95
114190,69.95
114252,69.95
114314,70
114376,70
114438,69.95
114500,69.9
114562,69.95
114624,69.95
114686,69.95
114748,69.95
114810,69.95
114872,69.95
114934,69.9
114996,69.9
115058,69.95
115120,69.95
115182,69.95
115244,69.95
115306,69.9
115368,69.95
115430,69.9
115492,69.95
115554,69.95
115616,69.95
115678,69.95
115740,69.9
115802,69.95
115864,69.9
115926,70
115988,69.95
116050,69.9
116112,69.79
116174,69.95
116236,69.9
116298,69.9
116360,69.9
116422,69.85
116484,69.95
116546,70
116608,69.9
116670,69.95
116732,69.95
116794,69.9
116856,69.95
116918,69.95
116980,69.9
117042,69.95
117104,69.9
117166,69.9
117228,69.95
117290,70
117352,69.95
117414,69.85
117476,69.95
117538,69.95
117600,69.9
117662,69.95
117724,69.85
117786,69.9
117848,69.9
117910,69.9
117972,69.9
118034,69.95
118096,69.9
118158,69.95
118220,69.95
118282,69.95
118344,69.9
118406,69.9
118468,69.9
118530,69.9
118592,69.95
118654,69.85
118716,69.9
118778,70
118840,69.85
118902,69.85
118964,69.79
119026,69.95
119088,69.95
119150,70
119212,69.95
119274,69.95
119336,69.95
119398,69.9
119460,69.95
119522,69.9
119584,69.9
119646,69.95
119708,69.95
119770,70
119832,69.9
119894,69.95
119956,69.9
120018,70
120080,69.9
120142,69.95
120204,69.95
120266,69.9
120328,69.9
120390,69.9
120452,69.9
120514,69.9
120576,70
120638,69.95
120700,69.9
120762,69.9
120824,69.9
120886,69.85
120948,69.9
121010,69.95
121072,69.9
121134,69.9
121196,69.79
121258,69.9
121320,69.95
121382,69.9
121444,69.9
121506,69.9
121568,69.85
121630,69.9
121692,69.9
121754,69.9
121825,69.85
121887,69.9
121949,69.85
122011,69.85
122073,69.85
122135,69.9
122197,69.9
122259,69.95
122321,69.9
122383,69.9
122445,69.95
122507,69.85
122569,69.95
122631,70
122693,69.95
122755,69.95
122817,70.05
122879,70
122941,69.95
123003,70
123065,70
123127,70.05
123189,70.05
123251,69.95
123313,70
123375,69.95
123437,69.95
123499,69.9
123561,69.9
123623,69.9
123685,69.95
123747,69.9
123809,69.9
123871,69.95
123933,69.95
123995,69.9
124057,69.95
124119,69.9
124181,69.95
124243,69.9
124305,69.95
124367,69.85
124429,69.85
124491,69.9
124553,69.85
124615,69.9
124677,69.9
124739,69.95
124801,69.95
124863,69.95
124925,69.95
124987,69.95
125049,69.95
125111,69.95
125173,70
125235,69.95
125297,69.95
125359,69.95
125421,70
125483,70.05
125545,70.05
125607,70.05
125669,70.1
125731,70.05
125793,70
125855,70
125917,69.95
125979,70
126041,69.9
126103,69.9
126165,69.95
126227,69.9
126289,69.9
126351,69.9
126413,69.85
126475,69.95
126537,69.95
126599,69.9
126661,69.85
126723,69.95
126785,69.9
126847,69.9
126909,69.85
126971,69.9
127033,69.9
127095,69.9
127157,69.95
127219,69.9
127281,69.95
127343,69.9
127405,69.9
127467,70
127529,69.95
127591,70
127653,70
127715,69.95
127777,69.9
127839,69.95
127901,69.95
127963,69.9
128025,69.95
128087,69.95
128149,69.9
128211,69.95
128273,69.95
128335,69.95
128397,69.95
128459,69.9
128521,69.9
128583,69.95
128645,70
128707,69.9
128769,69.95
128831,69.95
128893,69.9
128955,70
129017,69.9
129079,69.95
129141,69.95
129203,69.95
129265,69.95
129327,69.95
129389,69.95
129451,69.79
129513,69.9
129575,69.95
129637,69.9
129699,69.9
129761,69.95
129823,69.9
129885,69.95
129947,69.95
130009,70
130071,69.95
130133,69.9
130195,69.9
130257,69.95
130319,69.9
130381,69.9
130443,69.9
130505,69.95
130567,69.95
130629,69.95
130691,69.9
130753,69.9
130815,69.95
130877,69.95
130939,69.9
131001,69.95
131063,69.95
131125,69.9
131187,69.95
131249,69.9
131311,69.95
131373,69.9
131435,69.95
131497,69.85
131559,70
131621,69.95
131683,69.95
131745,69.95
131807,69.95
131869,69.9
131931,69.95
131993,69.85
132055,69.9
132117,69.95
132179,69.9
132241,69.95
132303,69.9
132365,69.85
132427,69.95
132489,69.9
132551,70
132613,69.9
132675,69.9
132737,69.95
132799,69.9
132861,69.9
132923,69.9
132985,69.9
133047,69.9
133109,69.95
133171,69.9
133233,69.85
133295,69.9
133357,69.9
133419,69.95
133481,69.95
133543,69.95
133605,69.95
133667,69.85
133729,69.9
133791,69.9
133853,69.95
133915,69.95
133977,69.85
134039,69.85
134101,69.95
134163,69.95
134225,69.9
134287,69.9
134349,69.95
134411,70
134473,69.95
134544,69.9
134606,69.85
134668,69.95
134730,70
134792,69.9
134854,69.85
134916,69.9
134978,69.95
135040,69.95
135102,69.9
135164,69.9
135226,69.9
135288,69.95
135350,69.9
135412,69.95
135474,69.9
135536,69.95
135598,69.85
135660,69.95
135722,69.9
135784,69.95
135846,69.9
135908,69.95
135970,69.9
136032,69.95
136094,69.95
136156,69.95
136218,69.9
136280,69.95
136342,69.9
136404,69.95
136466,69.9
136528,69.95
136590,69.95
136652,69.95
136714,69.9
136776,69.9
136838,69.85
136900,69.9
136962,69.9
137024,69.9
137086,69.9
137148,69.9
137210,69.9
137272,69.9
137334,69.9
137396,69.85
137458,69.95
137520,69.9
137582,69.9
137644,69.9
137706,69.9
137768,69.9
137830,69.9
137892,69.9
137954,69.95
138016,69.95
138078,70
138140,69.95
138202,70
138264,69.95
138326,69.9
138388,69.9
138450,69.9
138512,69.9
138574,69.85
138636,69.85
138698,69.9
138760,69.9
138822,69.95
138884,69.9
138946,69.9
139008,69.9
139070,69.9
139132,69.9
139194,69.9
139256,69.95
139318,70
139380,69.9
139442,69.9
139504,69.85
139566,69.95
139628,69.95
139690,69.95
139752,69.9
139814,69.95
139876,69.9
139938,69.9
140000,69.95
140062,70
140124,69.95
140186,70
140248,69.95
140310,69.95
140372,69.95
140434,69.95
140496,69.9
140558,69.95
140620,69.95
140682,69.95
140744,69.9
140806,69.95
140868,69.85
140930,69.95
140992,69.95
141054,69.9
141116,69.85
141178,69.95
141240,69.9
141302,69.9
141364,69.9
141426,69.9
141488,69.9
141550,69.85
141612,69.9
141674,69.9
141736,69.85
141798,69.95
141860,69.9
141922,70
141984,69.95
142046,69.9
142108,69.9
142170,69.95
142232,69.85
142294,69.9
142356,69.9
142418,69.95
142480,69.85
142542,69.95
142604,69.95
142666,69.9
142728,69.85
142790,69.9
142852,69.95
142914,69.9
142976,69.9
143038,69.9
143100,70
143162,69.95
143224,69.9
143286,69.95
143348,69.9
143410,70
143472,69.9
143534,69.95
143596,69.9
143658,69.9
143720,69.95
143782,69.95
143844,69.9
143906,69.95
143968,69.9
144030,69.9
144092,69.95
144154,69.95
144216,69.95
144278,69.95
144340,69.95
144402,69.95
144464,69.95
144526,69.9
144588,69.9
144650,69.9
144712,69.95
144774,69.95
144836,69.95
144898,70
144960,70
145022,69.85
145084,69.95
145146,70
145208,69.9
145270,69.95
145332,69.95
145394,69.9
145456,69.95
145518,69.95
145580,69.9
145642,69.95
145704,69.95
145766,69.9
145828,69.85
145890,69.95
145952,69.95
146014,69.9
146076,69.95
146138,69.95
146200,69.95
146262,69.95
146324,69.95
146386,70
146448,69.9
146510,69.95
146572,69.95
146634,69.9
146696,69.9
146758,69.85
146820,69.95
146882,69.9
146944,69.9
147006,69.95
147068,69.95
147130,69.85
147192,69.95
147263,69.9
147325,69.9
147387,69.95
147449,70
147511,69.95
147573,70
147635,69.95
147697,69.9
147759,69.95
147821,69.9
147883,69.85
147945,69.95
148007,69.95
148069,69.9
148131,69.9
148193,69.85
148255,69.85
148317,69.9
148379,69.95
148441,69.9
148503,69.85
148565,69.85
148627,69.9
148689,69.95
148751,69.9
148813,69.9
148875,69.9
148937,69.9
148999,69.85
149061,69.9
149123,69.9
149185,69.85
149247,69.9
149309,69.85
149371,69.9
149433,69.85
149495,69.95
149557,69.95
149619,69.9
149681,69.9
149743,69.9
149805,69.95
149867,69.9
149929,69.85
149991,69.95
150053,69.95
150115,69.9
150177,69.9
150239,69.95
150301,69.95
150363,69.9
150425,69.85
150487,69.85
150549,69.9
150611,69.9
150673,69.85
150735,69.79
150797,69.9
150859,69.95
150921,69.9
150983,69.9
151045,69.9
151107,69.85
151169,69.9
151231,69.95
151293,69.95
151355,69.9
151417,69.85
151479,69.95
151541,69.9
151603,69.95
151665,69.85
151727,69.95
151789,69.9
151851,69.85
151913,69.9
151975,69.9
152037,69.9
152099,69.9
152161,69.9
152223,70
152285,69.95
152347,69.95
152409,69.95
152471,69.85
152533,69.95
152595,70
152657,70
152719,70
152781,69.95
152843,69.95
152905,69.95
152967,69.85
153029,69.85
153091,69.9
153153,69.9
153215,69.9
153277,69.85
153339,69.9
153401,69.95
153463,69.9
153525,69.9
153587,69.95
153649,69.9
153711,69.9
153773,69.9
153835,69.9
153897,69.9
153959,69.95
154021,69.95
154083,69.85
154145,69.95
154207,69.9
154269,69.85
154331,69.9
154393,69.95
154455,69.95
154517,69.9
154579,70
154641,69.9
154703,69.95
154765,69.85
154827,69.95
154889,69.95
154951,69.95
155013,69.95
155075,69.95
155137,69.9
155199,69.85
155261,69.9
155323,69.9
155385,69.9
155447,69.9
155509,69.85
155571,69.85
155633,69.95
155695,69.95
155757,69.9
155819,69.9
155881,69.95
155943,69.9
156005,70
156067,69.95
156129,70
156191,69.85
156253,69.9
156315,69.9
156377,69.95
156439,69.95
156501,69.85
156563,69.9
156625,69.95
156687,69.9
156749,69.9
156811,69.9
156873,69.95
156935,69.9
156997,69.9
157059,69.95
157121,70
157183,69.95
157245,69.95
157307,69.9
157369,69.9
157431,69.95
157493,69.9
157555,69.95
157617,69.95
157679,69.95
157741,69.9
157803,69.95
157865,69.85
157927,69.95
157989,69.95
158051,69.85
158113,69.85
158175,69.95
158237,69.9
158299,69.9
158361,69.9
158423,69.9
158485,69.9
158547,69.95
158609,69.9
158671,69.95
158733,69.95
158795,69.95
158857,69.95
158919,69.85
158981,69.95
159043,69.95
159105,69.95
159167,69.85
159229,69.9
159291,69.9
159353,69.9
159415,69.95
159477,69.9
159539,69.9
159601,69.85
159663,69.9
159725,69.9
159787,69.85
159849,69.9
159920,69.95
159982,69.9
160044,69.9
160106,69.95
160168,69.85
160230,69.79
160292,69.95
160354,69.95
160416,69.85
160478,69.9
160540,69.9
160602,69.9
160664,69.9
160726,69.9
160788,69.85
160850,69.9
160912,69.79
160974,69.9
161036,69.9
161098,69.9
161160,69.85
161222,69.85
161284,69.9
161346,69.9
161408,69.9
161470,69.85
161532,69.9
161594,69.9
161656,69.9
161718,69.9
161780,69.9
161842,69.9
161904,69.85
161966,69.95
162028,69.9
162090,69.9
162152,69.9
162214,69.9
162276,69.9
162338,69.9
162400,69.95
162462,69.95
162524,69.9
162586,69.9
162648,69.95
162710,69.95
162772,69.95
162834,69.9
162896,69.9
162958,69.9
163020,69.95
163082,69.9
163144,69.95
163206,69.95
163268,69.85
163330,69.85
163392,69.9
163454,69.85
163516,69.95
163578,69.95
163640,69.9
163702,69.95
163764,69.9
163826,69.9
163888,69.9
163950,69.9
164012,69.95
164074,69.9
164136,69.9
164198,69.9
164260,69.95
164322,69.9
164384,69.95
164446,69.85
164508,69.9
164570,69.9
164632,69.9
164694,69.9
164756,69.95
164818,69.95
164880,69.9
164942,69.9
165004,69.9
165066,69.95
165128,69.85
165190,69.85
165252,69.85
165314,69.9
165376,69.9
165438,69.9
165500,69.9
165562,69.9
165624,69.85
165686,69.79
165748,69.85
165810,69.85
165872,69.9
165934,69.9
165996,69.9
166058,69.95
166120,69.9
166182,69.9
166244,69.9
166306,69.85
166368,69.9
166430,69.9
166492,69.95
166554,69.95
166616,70
166678,69.9
166740,69.95
166802,69.95
166864,69.95
166926,69.95
166988,69.9
167050,69.9
167112,69.95
167174,70
167236,70
167298,69.95
167360,69.95
167422,69.95
167484,69.9
167546,69.95
167608,70
167670,69.95
167732,69.95
167794,69.9
167856,69.95
167918,69.95
167980,69.95
168042,69.9
168104,69.95
168166,69.9
168228,69.95
168290,69.9
168352,69.95
168414,69.95
168476,69.95
168538,69.95
168600,69.9
168662,70
168724,69.9
168786,69.95
168848,69.79
168910,69.95
168972,69.9
169034,69.95
169096,69.95
169158,69.95
169220,69.95
169282,69.95
169344,69.85
169406,69.95
169468,69.95
169530,69.95
169592,70
169654,69.95
169716,69.95
169778,69.9
169840,69.9
169902,69.85
169964,70
170026,69.9
170088,69.95
170150,69.85
170212,69.95
170274,69.9
170336,69.9
170398,69.9
170460,69.85
170522,69.9
170584,69.95
170646,69.95
170708,69.95
170770,69.95
170832,69.9
170894,69.85
170956,69.9
171018,69.95
171080,69.95
171142,69.9
171204,70
171266,70
171328,69.95
171390,69.9
171452,69.95
171514,70
171576,69.9
171638,70
171700,69.9
171762,69.95
171824,69.9
171886,70
171948,69.95
172010,70
172072,70
172134,70
172196,69.95
172258,69.95
172320,69.95
172382,69.95
172444,69.95
172506,69.95
172568,70
172639,69.95
172701,69.95
172763,69.95
172825,69.95
172887,69.9
172949,69.95
173011,69.95
173073,69.95
173135,70
173197,69.95
173259,69.95
173321,70
173383,69.9
173445,69.95
173507,69.95
173569,69.95
173631,70.05
173693,69.95
173755,70
173817,69.95
173879,69.95
173941,69.9
174003,69.95
174065,69.95
174127,69.95
174189,69.95
174251,69.9
174313,70.05
174375,69.95
174437,69.95
174499,69.95
174561,70
174623,70
174685,69.95
174747,69.9
174809,70
174871,69.9
174933,69.95
174995,69.95
175057,69.9
175119,69.95
175181,70
175243,69.9
175305,69.9
175367,69.95
175429,69.95
175491,69.95
175553,69.85
175615,69.95
175677,69.9
175739,69.9
175801,69.9
175863,69.85
175925,69.9
175987,69.95
176049,69.9
176111,69.85
176173,69.9
176235,69.9
176297,69.9
176359,69.9
176421,69.9
176483,69.9
176545,69.85
176607,69.9
176669,69.85
176731,69.85
176793,69.74
176855,69.85
176917,69.9
176979,69.95
177041,69.9
177103,69.79
177165,69.95
177227,69.95
177289,69.85
177351,69.9
177413,69.9
177475,69.9
177537,69.85
177599,69.9
177661,69.85
177723,69.95
177785,69.79
177847,69.9
177909,69.85
177971,69.85
178033,69.85
178095,69.9
178157,69.9
178219,69.85
178281,69.9
178343,69.85
178405,69.85
178467,69.9
178529,69.85
178591,69.9
178653,69.9
178715,69.85
178777,69.85
178839,69.85
178901,69.85
178963,69.9
179025,69.85
179087,69.85
179149,69.9
179211,69.9
179273,69.85
179335,69.85
179397,69.9
179459,69.85
179521,69.85
179583,69.9
179645,69.85
179707,69.9
179769,69.79
179831,69.85
179893,69.9
179955,69.85
