95, -2.84
155, -2.84
215, -2.89
275, -2.83
335, -2.90
395, -2.84
455, -2.80
515, -2.86
575, -2.84
635, -2.92
695, -2.88
755, -2.85
815, -2.92
875, -2.89
935, -2.88
995, -2.87
1055, -2.94
1115, -2.84
1175, -2.92
1235, -2.83
1295, -2.85
1355, 8.00
1415, 59.83
1475, 59.75
1535, 59.80
1595, 59.76
1655, 59.74
1715, 59.66
1775, 59.63
1835, 59.62
1895, 59.73
1955, 59.54
2015, 59.59
2075, 59.67
2135, 59.55
2195, 59.64
2255, 59.62
2315, 59.64
2375, 59.58
2435, 59.68
2495, 59.64
2555, 59.64
2615, 59.65
2675, 59.63
2735, 59.61
2795, 59.63
2855, 59.59
2915, 59.59
2975, 59.62
3035, 59.65
3095, 59.55
3155, 59.60
3215, 59.57
3275, 59.62
3335, 59.60
3395, 59.65
3455, 59.63
3515, 59.70
3575, 59.62
3635, 59.66
3695, 59.68
3755, 59.65
3815, 59.62
3875, 59.65
3935, 59.66
3995, 59.71
4055, 59.67
4115, 59.62
4175, 59.66
4235, 59.68
4295, 59.64
4355, 59.63
4415, 59.70
4475, 59.69
4535, 59.66
4595, 59.73
4655, 59.67
4715, 59.66
4775, 59.62
4835, 59.67
4895, 59.65
4955, 59.63
5015, 59.65
5075, 59.72
5135, 59.68
5195, 59.73
5255, 59.77
5315, 59.67
5375, 59.66
5435, 59.68
5495, 59.69
5555, 59.66
5615, 59.71
5675, 59.68
5735, 59.70
5795, 59.76
5855, 59.77
5915, 59.65
5975, 59.73
6035, 59.75
6095, 59.73
6155, 59.74
6215, 59.75
6275, 59.66
6335, 59.74
6395, 59.76
6455, 59.72
6515, 59.71
6575, 59.76
6635, 59.75
6695, 59.70
6755, 59.78
6815, 59.74
6875, 59.73
6935, 59.71
6995, 59.76
7055, 59.73
7115, 59.77
7175, 59.78
7235, 59.77
7295, 59.78
7355, 59.76
7415, 59.73
7475, 59.78
7535, 59.80
7595, 59.76
7655, 59.76
7715, 59.77
7775, 59.77
7835, 59.78
7895, 59.76
7955, 59.73
8015, 59.73
8075, 59.70
8135, 59.78
8195, 59.80
8255, 59.80
8315, 59.70
8375, 59.80
8435, 59.70
8495, 59.78
8555, 59.79
8615, 59.81
8675, 59.78
8735, 59.85
8795, 59.82
8855, 59.79
8915, 59.81
8975, 59.74
9035, 59.85
9095, 59.81
9155, 59.75
9215, 59.80
9275, 59.82
9335, 59.85
9395, 59.84
9455, 59.68
9515, 59.80
9575, 59.92
9635, 59.87
9695, 59.97
9755, 59.86
9815, 59.91
9875, 59.86
9935, 59.94
9995, 59.87
10055, 59.84
10115, 59.88
10175, 59.88
10235, 59.86
10295, 59.82
10355, 59.81
10415, 59.82
10475, 59.87
10535, 59.90
10595, 59.87
10655, 59.89
10715, 59.92
10775, 59.88
10835, 59.89
10895, 59.89
10955, 59.83
11015, 59.93
11075, 59.85
11135, 59.91
11195, 59.89
11255, 59.85
11315, 59.91
11375, 59.90
11435, 59.92
11495, 59.99
11555, 59.92
11615, 59.92
11675, 59.95
11735, 59.89
11795, 59.91
11855, 59.91
11915, 59.92
11975, 59.97
12035, 59.87
12095, 59.90
12155, 59.91
12215, 59.99
12275, 59.91
12335, 59.90
12395, 59.91
12455, 59.98
12515, 59.94
12575, 59.95
12635, 59.79
12695, 60.03
12755, 59.96
12815, 59.95
12875, 59.95
12935, 59.91
12995, 59.88
13055, 59.94
13115, 59.92
13175, 59.92
13235, 59.96
13295, 60.00
13355, 59.97
13415, 59.89
13475, 60.02
13535, 59.99
13595, 59.88
13655, 59.95
13715, 60.01
13775, 59.98
13835, 59.99
13895, 59.97
13955, 59.97
14015, 59.95
14075, 59.95
14135, 60.01
14195, 59.94
14255, 59.96
14315, 59.91
14375, 60.04
14435, 59.99
14495, 59.96
14555, 59.94
14615, 59.99
14675, 59.96
14735, 59.96
14795, 60.03
14855, 60.03
14915, 60.01
14975, 60.03
15035, 59.95
15095, 60.05
15155, 60.03
15215, 60.09
15275, 60.03
15335, 60.00
15395, 60.03
15455, 60.08
15515, 60.06
15575, 60.09
15635, 60.08
15695, 60.00
15755, 60.08
15815, 59.98
15875, 60.06
15935, 60.08
15995, 60.08
16055, 60.10
16115, 60.11
16175, 60.13
16235, 60.08
16295, 60.04
16355, 60.10
16415, 60.11
16475, 60.16
16535, 60.08
16595, 60.08
16655, 60.10
16715, 60.08
16775, 60.11
16835, 60.04
16895, 60.13
16955, 60.13
17015, 60.09
17075, 60.14
17135, 60.10
17195, 60.16
17255, 60.12
17315, 60.08
17375, 60.11
17435, 60.10
17495, 60.12
17555, 60.10
17615, 60.09
17675, 60.10
17735, 60.00
17795, 60.13
17855, 60.13
17915, 60.14
17975, 60.06
18035, 60.09
18095, 60.12
18155, 60.16
18215, 60.15
18275, 60.10
18335, 60.02
18395, 60.08
18455, 60.12
18515, 60.13
18575, 60.12
18635, 60.14
18695, 60.15
18755, 60.22
18815, 60.14
18875, 60.17
18935, 60.13
18995, 60.06
19055, 60.12
19115, 60.08
19175, 60.11
19235, 60.09
19295, 60.15
19355, 60.18
19415, 60.14
19475, 60.26
19535, 60.16
19595, 60.14
19655, 60.21
19715, 60.23
19775, 60.13
19835, 60.15
19967, 60.17
20027, 60.11
20087, 60.11
20147, 60.10
20207, 60.17
20267, 60.11
20327, 60.23
20387, 60.22
20447, 60.15
20507, 60.16
20567, 60.15
20627, 60.20
20687, 60.15
20747, 60.16
20807, 60.16
20867, 60.15
20927, 60.18
20987, 60.11
21047, 60.16
21107, 60.24
21167, 60.19
21227, 60.17
21287, 60.21
21347, 60.22
21407, 60.18
21467, 60.21
21527, 60.18
21587, 60.24
21647, 60.22
21707, 60.18
21767, 60.23
21827, 60.24
21887, 60.21
21947, 60.22
22007, 60.18
22067, 60.20
22127, 60.14
22187, 60.11
22247, 60.23
22307, 60.19
22367, 60.18
22427, 60.29
22487, 60.19
22547, 60.22
22607, 60.28
22667, 60.28
22727, 60.18
22787, 60.23
22847, 60.28
22907, 60.31
22967, 60.21
23027, 60.33
23087, 60.34
23147, 60.21
23207, 60.22
23267, 60.27
23327, 60.28
23387, 60.23
23447, 60.30
23507, 60.24
23567, 60.28
23627, 60.34
23687, 60.30
23747, 60.28
23807, 60.25
23867, 60.28
23927, 60.35
23987, 60.27
24047, 60.35
24107, 60.38
24167, 60.35
24227, 60.32
24287, 60.36
24347, 60.28
24407, 60.26
24467, 60.28
24527, 60.33
24587, 60.30
24647, 60.39
24707, 60.33
24767, 60.24
24827, 60.33
24887, 60.44
24947, 60.33
25007, 60.33
25067, 60.28
25127, 60.30
25187, 60.34
25247, 60.32
25307, 60.30
25367, 60.32
25427, 60.25
25487, 60.28
25547, 60.39
25607, 60.38
25667, 60.36
25727, 60.33
25787, 60.34
25847, 60.38
25907, 60.43
25967, 60.35
26027, 60.28
26087, 60.43
26147, 60.42
26207, 60.34
26267, 60.43
26327, 60.32
26387, 60.28
26447, 60.41
26507, 60.35
26567, 60.32
26627, 60.44
26687, 60.38
26747, 60.33
26807, 60.36
26867, 60.43
26927, 60.36
26987, 60.40
27047, 60.42
27107, 60.35
27167, 60.35
27227, 60.39
27287, 60.35
27347, 60.40
27407, 60.36
27467, 60.41
27527, 60.36
27587, 60.37
27647, 60.43
27707, 60.37
27767, 60.32
27827, 60.45
27887, 60.42
27947, 60.40
28007, 60.42
28067, 60.41
28127, 60.40
28187, 60.36
28247, 60.47
28307, 60.45
28367, 60.41
28427, 60.45
28487, 60.42
28547, 60.41
28607, 60.42
28667, 60.42
28727, 60.37
28787, 60.42
28847, 60.40
28907, 60.41
28967, 60.46
29027, 60.43
29087, 60.41
29147, 60.47
29207, 60.43
29267, 60.48
29327, 60.47
29387, 60.46
29447, 60.39
29507, 60.38
29567, 60.47
29627, 60.40
29687, 60.51
29747, 60.36
29807, 60.47
29867, 60.46
29927, 60.45
29987, 60.46
30047, 60.48
30107, 60.44
30167, 60.42
30227, 60.51
30287, 60.52
30347, 60.47
30407, 60.51
30467, 60.40
30527, 60.52
30587, 60.54
30647, 60.56
30707, 60.54
30767, 60.55
30827, 60.48
30887, 60.54
30947, 60.50
31007, 60.54
31067, 60.50
31127, 60.56
31187, 60.50
31247, 60.55
31307, 60.48
31367, 60.47
31427, 60.51
31487, 60.47
31547, 60.52
31607, 60.51
31667, 60.52
31727, 60.50
31787, 60.46
31847, 60.58
31907, 60.48
31967, 60.61
32027, 60.49
32087, 60.51
32147, 60.50
32207, 60.59
32267, 60.51
32327, 60.52
32387, 60.49
32447, 60.55
32507, 60.55
32567, 60.54
32627, 60.59
32687, 60.46
32747, 60.51
32807, 60.55
32867, 60.54
32927, 60.53
32987, 60.63
33047, 60.59
33107, 60.63
33167, 60.63
33227, 60.57
33287, 60.55
33347, 60.56
33407, 60.58
33467, 60.64
33527, 60.57
33587, 60.61
33647, 60.50
33707, 60.59
33767, 60.66
33827, 60.62
33887, 60.65
33947, 60.59
34007, 60.56
34067, 60.60
34127, 60.60
34187, 60.63
34247, 60.61
34307, 60.59
34367, 60.57
34427, 60.57
34487, 60.58
34547, 60.57
34607, 60.49
34667, 60.67
34727, 60.65
34787, 60.65
34847, 60.67
34907, 60.62
34967, 60.65
35027, 60.64
35087, 60.62
35147, 60.60
35207, 60.64
35267, 60.65
35327, 60.69
35387, 60.63
35447, 60.65
35507, 60.66
35567, 60.69
35627, 60.63
35687, 60.65
35747, 60.67
35807, 60.62
35867, 60.57
35927, 60.56
35987, 60.61
36047, 60.69
36107, 60.67
36167, 60.67
36227, 60.66
36287, 60.66
36347, 60.62
36407, 60.70
36467, 60.69
36527, 60.67
36587, 60.71
36647, 60.71
36707, 60.69
36767, 60.73
36827, 60.66
36887, 60.73
36947, 60.67
37007, 60.64
37067, 60.56
37127, 60.67
37187, 60.68
37247, 60.72
37307, 60.74
37367, 60.71
37427, 60.70
37487, 60.71
37547, 60.65
37607, 60.69
37667, 60.74
37727, 60.71
37787, 60.69
37847, 60.74
37907, 60.70
37967, 60.76
38027, 60.74
38087, 60.71
38147, 60.73
38207, 60.77
38267, 60.72
38327, 60.70
38387, 60.76
38447, 60.75
38507, 60.73
38567, 60.77
38627, 60.74
38687, 60.69
38747, 60.72
38807, 60.77
38877, 60.79
38937, 60.84
38997, 60.68
39057, 60.69
39117, 60.77
39177, 60.71
39237, 60.73
39297, 60.78
39357, 60.76
39417, 60.77
39477, 60.82
39537, 60.81
39597, 60.75
39657, 60.80
39717, 60.73
39777, 60.78
39837, 60.80
39897, 60.79
39957, 60.74
40017, 60.73
40077, 60.85
40137, 60.76
40197, 60.78
40257, 60.79
40317, 60.73
40377, 60.77
40437, 60.83
40497, 60.78
40557, 60.74
40617, 60.86
40677, 60.78
40737, 60.80
40797, 60.82
40857, 60.74
40917, 60.82
40977, 60.85
41037, 60.79
41097, 60.85
41157, 60.79
41217, 60.83
41277, 60.77
41337, 60.84
41397, 60.78
41457, 60.77
41517, 60.76
41577, 60.79
41637, 60.74
41697, 60.83
41757, 60.82
41817, 60.88
41877, 60.82
41937, 60.82
41997, 60.85
42057, 60.85
42117, 60.82
42177, 60.87
42237, 60.76
42297, 60.79
42357, 60.86
42417, 60.82
42477, 60.85
42537, 60.82
42597, 60.80
42657, 60.90
42717, 60.89
42777, 60.85
42837, 60.79
42897, 60.82
42957, 60.81
43017, 60.82
43077, 60.84
43137, 60.86
43197, 60.80
43257, 60.86
43317, 60.90
43377, 60.82
43437, 60.89
43497, 60.86
43557, 60.89
43617, 60.85
43677, 60.85
43737, 60.86
43797, 60.87
43857, 60.91
43917, 60.99
43977, 60.92
44037, 60.88
44097, 60.87
44157, 60.86
44217, 60.94
44277, 60.94
44337, 60.99
44397, 60.90
44457, 60.92
44517, 60.97
44577, 60.93
44637, 60.93
44697, 60.90
44757, 60.92
44817, 61.00
44877, 60.92
44937, 60.91
44997, 60.90
45057, 60.96
45117, 60.96
45177, 60.89
45237, 60.93
45297, 60.93
45357, 61.01
45417, 60.90
45477, 61.02
45537, 60.95
45597, 60.94
45657, 60.96
45717, 60.97
45777, 60.93
45837, 60.95
45897, 60.99
45957, 60.94
46017, 60.92
46077, 60.93
46137, 60.98
46197, 60.97
46257, 60.95
46317, 60.96
46377, 60.85
46437, 60.92
46497, 60.95
46557, 61.01
46617, 60.97
46677, 60.93
46737, 60.94
46797, 60.95
46857, 60.97
46917, 60.94
46977, 60.98
47037, 60.93
47097, 60.95
47157, 60.99
47217, 61.02
47277, 61.00
47337, 60.89
47397, 61.01
47457, 60.98
47517, 60.93
47577, 60.99
47637, 61.00
47697, 61.05
47757, 61.04
47817, 61.01
47877, 60.94
47937, 60.95
47997, 61.02
48057, 61.04
48117, 61.03
48177, 60.99
48237, 61.04
48297, 61.02
48357, 60.95
48417, 60.96
48477, 61.05
48537, 61.03
48597, 61.07
48657, 61.04
48717, 61.05
48777, 61.03
48837, 61.00
48897, 61.02
48957, 60.99
49017, 61.01
49077, 61.03
49137, 61.05
49197, 61.03
49257, 61.02
49317, 61.07
49377, 61.14
49437, 61.07
49497, 61.06
49557, 61.05
49617, 61.11
49677, 61.05
49737, 61.08
49797, 61.06
49857, 61.07
49917, 61.02
49977, 61.09
50037, 61.05
50097, 61.04
50157, 61.05
50217, 61.09
50277, 61.06
50337, 61.09
50397, 61.06
50457, 61.06
50517, 60.92
50577, 61.06
50637, 61.06
50697, 61.02
50757, 61.05
50817, 61.06
50877, 61.07
50937, 61.08
50997, 61.15
51057, 61.08
51117, 61.10
51177, 61.10
51237, 61.12
51297, 61.13
51357, 61.03
51417, 61.06
51477, 60.97
51537, 61.08
51597, 61.09
51657, 61.14
51717, 61.14
51777, 61.09
51837, 61.14
51897, 61.11
51957, 61.10
52017, 61.12
52077, 61.03
52137, 61.10
52197, 61.09
52257, 61.09
52317, 61.07
52377, 61.13
52437, 61.10
52497, 61.16
52557, 61.12
52617, 61.15
52677, 61.11
52737, 61.17
52797, 61.11
52857, 61.14
52917, 61.11
52977, 61.15
53037, 61.13
53097, 61.16
53157, 61.17
53217, 61.15
53277, 61.12
53337, 61.13
53397, 61.13
53457, 61.17
53517, 61.16
53577, 61.14
53637, 61.20
53697, 61.09
53757, 61.07
53817, 61.19
53877, 61.13
53937, 61.17
53997, 61.11
54057, 61.11
54117, 61.09
54177, 61.13
54237, 61.12
54297, 61.14
54357, 61.13
54417, 61.16
54477, 61.11
54537, 61.17
54597, 61.18
54657, 61.06
54717, 61.14
54777, 61.22
54837, 61.14
54897, 61.13
54957, 61.18
55017, 61.17
55077, 61.14
55137, 61.18
55197, 61.19
55257, 61.14
55317, 61.17
55377, 61.18
55437, 61.19
55497, 61.17
55557, 61.19
55617, 61.12
55677, 61.18
55737, 61.16
55797, 61.19
55857, 61.20
55917, 61.19
55977, 61.22
56037, 61.20
56097, 61.19
56157, 61.19
56217, 61.17
56277, 61.27
56337, 61.18
56397, 61.19
56457, 61.19
56517, 61.15
56577, 61.15
56637, 61.15
56697, 61.24
56757, 61.24
56817, 61.14
56877, 61.21
56937, 61.18
56997, 61.17
57057, 61.32
57117, 61.21
57177, 61.24
57237, 61.26
57297, 61.23
57357, 61.22
57417, 61.29
57477, 61.19
57537, 61.24
57597, 61.28
57657, 61.18
57717, 61.21
57787, 61.22
57847, 61.27
57907, 61.22
57967, 61.19
58027, 61.23
58087, 61.32
58147, 61.24
58207, 61.28
58267, 61.24
58327, 61.23
58387, 61.20
58447, 61.18
58507, 61.20
58567, 61.29
58627, 61.25
58687, 61.20
58747, 61.26
58807, 61.27
58867, 61.26
58927, 61.24
58987, 61.27
59047, 61.25
59107, 61.25
59167, 61.24
59227, 61.27
59287, 61.26
59347, 61.24
59407, 61.27
59467, 61.26
59527, 61.19
59587, 61.22
59647, 61.31
59707, 61.26
59767, 61.31
59827, 61.29
59887, 61.28
59947, 61.30
60007, 61.26
60067, 61.27
60127, 61.32
60187, 61.31
60247, 61.31
60307, 61.28
60367, 61.26
60427, 61.28
60487, 61.24
60547, 61.30
60607, 61.29
60667, 61.35
60727, 61.35
60787, 61.31
60847, 61.39
60907, 61.36
60967, 61.30
61027, 61.25
61087, 61.28
61147, 61.36
61207, 61.32
61267, 61.35
61327, 61.32
61387, 61.33
61447, 61.28
61507, 61.30
61567, 61.31
61627, 61.28
61687, 61.31
61747, 61.37
61807, 61.30
61867, 61.30
61927, 61.33
61987, 61.35
62047, 61.29
62107, 61.29
62167, 61.28
62227, 61.31
62287, 61.34
62347, 61.29
62407, 61.25
62467, 61.30
62527, 61.30
62587, 61.35
62647, 61.31
62707, 61.19
62767, 61.29
62827, 61.23
62887, 61.33
62947, 61.31
63007, 61.30
63067, 61.27
63127, 61.26
63187, 61.29
63247, 61.18
63307, 61.34
63367, 61.34
63427, 61.31
63487, 61.24
63547, 61.27
63607, 61.25
63667, 61.25
63727, 61.23
63787, 61.28
63847, 61.31
63907, 61.26
63967, 61.28
64027, 61.25
64087, 61.22
64147, 61.28
64207, 61.23
64267, 61.22
64327, 61.26
64387, 61.21
64447, 61.24
64507, 61.25
64567, 61.26
64627, 61.21
64687, 61.25
64747, 61.23
64807, 61.20
64867, 61.22
64927, 61.26
64987, 61.22
65047, 61.20
65107, 61.24
65167, 61.14
65227, 61.19
65287, 61.27
65347, 61.20
65407, 61.23
65467, 61.26
65527, 61.24
65587, 61.24
65647, 61.26
65707, 61.16
65767, 61.23
65827, 61.21
65887, 61.17
65947, 61.22
66007, 61.14
66067, 61.14
66127, 61.23
66187, 61.18
66247, 61.23
66307, 61.20
66367, 61.23
66427, 61.17
66487, 61.16
66547, 61.21
66607, 61.19
66667, 61.16
66727, 61.12
66787, 61.17
66847, 61.19
66907, 61.15
66967, 61.08
67027, 61.15
67087, 61.16
67147, 61.14
67207, 61.15
67267, 61.12
67327, 61.17
67387, 61.10
67447, 61.09
67507, 61.20
67567, 61.14
67627, 61.15
67687, 61.11
67747, 61.13
67807, 61.13
67867, 61.12
67927, 61.15
67987, 61.18
68047, 61.04
68107, 61.07
68167, 61.06
68227, 61.01
68287, 61.02
68347, 61.01
68407, 61.01
68467, 61.12
68527, 61.08
68587, 61.11
68647, 60.99
68707, 61.02
68767, 60.98
68827, 61.03
68887, 61.03
68947, 61.04
69007, 61.03
69067, 61.00
69127, 60.97
69187, 61.06
69247, 61.06
69307, 61.00
69367, 60.98
69427, 60.99
69487, 61.03
69547, 60.94
69607, 61.06
69667, 60.97
69727, 61.01
69787, 60.97
69847, 61.00
69907, 60.93
69967, 60.96
70027, 60.82
70087, 61.00
70147, 60.91
70207, 60.91
70267, 60.99
70327, 60.90
70387, 60.85
70447, 60.86
70507, 60.86
70567, 60.82
70627, 60.82
70687, 60.82
70747, 60.88
70807, 60.76
70867, 60.93
70927, 60.95
70987, 60.77
71047, 60.84
71107, 60.82
71167, 60.81
71227, 60.77
71287, 60.74
71347, 60.71
71407, 60.78
71467, 60.76
71527, 60.66
71587, 60.76
71647, 60.69
71707, 60.72
71767, 60.67
71827, 60.72
71887, 60.74
71947, 60.73
72007, 60.68
72067, 60.71
72127, 60.66
72187, 60.63
72247, 60.65
72307, 60.61
72367, 60.66
72427, 60.59
72487, 60.47
72547, 60.61
72607, 60.64
72667, 60.60
72727, 60.66
72787, 60.57
72847, 60.58
72907, 60.55
72967, 60.60
73027, 60.63
73087, 60.54
73147, 60.51
73207, 60.48
73267, 60.50
73327, 60.52
73387, 60.48
73447, 60.45
73507, 60.44
73567, 60.52
73627, 60.52
73687, 60.46
73747, 60.52
73807, 60.48
73867, 60.44
73927, 60.52
73987, 60.45
74047, 60.45
74107, 60.36
74167, 60.32
74227, 60.40
74287, 60.38
74347, 60.37
74407, 60.27
74467, 60.32
74527, 60.26
74587, 60.38
74647, 60.27
74707, 60.30
74767, 60.32
74827, 60.19
74887, 60.28
74947, 60.29
75007, 60.25
75067, 60.30
75127, 60.23
75187, 60.21
75247, 60.21
75307, 60.22
75367, 60.20
75427, 60.19
75487, 60.17
75547, 60.13
75607, 60.09
75667, 60.08
75727, 60.11
75787, 60.10
75847, 60.15
75907, 60.13
75967, 60.07
76027, 60.06
76087, 60.08
76147, 60.05
76207, 60.09
76267, 59.95
76327, 59.98
76387, 60.05
76447, 60.04
76507, 60.02
76567, 59.97
76627, 59.97
76697, 59.98
76757, 60.01
76817, 59.99
76877, 59.94
76937, 59.87
76997, 59.88
77057, 59.88
77117, 59.94
77177, 59.91
77237, 59.91
77297, 59.82
77357, 59.81
77417, 59.81
77477, 59.85
77537, 59.85
77597, 59.79
77657, 59.80
77717, 59.86
77777, 59.78
77837, 59.75
77897, 59.59
77957, 59.70
78017, 59.68
78077, 59.66
78137, 59.68
78197, 59.64
78257, 59.75
78317, 59.69
78377, 59.64
78437, 59.63
78497, 59.60
78557, 59.65
78617, 59.57
78677, 59.53
78737, 59.56
78797, 59.51
78857, 59.41
78917, 59.53
78977, 59.45
79037, 59.52
79097, 59.43
79157, 59.43
79217, 59.44
79277, 59.47
79337, 59.46
79397, 59.38
79457, 59.42
79517, 59.38
79577, 59.33
79637, 59.36
79697, 59.30
79757, 59.29
79817, 59.30
79877, 59.23
79937, 59.23
79997, 59.31
80057, 59.19
80117, 59.20
80177, 59.14
80237, 59.21
80297, 59.20
80357, 59.16
80417, 59.16
80477, 59.13
80537, 59.13
80597, 59.09
80657, 59.06
80717, 59.07
80777, 59.07
80837, 59.03
80897, 59.04
80957, 59.04
81017, 59.02
81077, 58.95
81137, 58.94
81197, 58.90
81257, 58.91
81317, 58.92
81377, 58.87
81437, 58.89
81497, 58.90
81557, 58.82
81617, 58.88
81677, 58.84
81737, 58.81
81797, 58.78
81857, 58.73
81917, 58.71
81977, 58.76
82037, 58.72
82097, 58.69
82157, 58.70
82217, 58.68
82277, 58.62
82337, 58.66
82397, 58.63
82457, 58.65
82517, 58.56
82577, 58.55
82637, 58.53
82697, 58.45
82757, 58.49
82817, 58.43
82877, 58.48
82937, 58.44
82997, 58.41
83057, 58.43
83117, 58.41
83177, 58.41
83237, 58.45
83297, 58.39
83357, 58.39
83417, 58.39
83477, 58.39
83537, 58.34
83597, 58.30
83657, 58.28
83717, 58.29
83777, 58.29
83837, 58.29
83897, 58.23
83957, 58.22
84017, 58.24
84077, 58.18
84137, 58.19
84197, 58.20
84257, 58.09
84317, 58.11
84377, 58.14
84437, 58.07
84497, 58.11
84557, 58.09
84617, 58.05
84677, 57.96
84737, 58.00
84797, 57.99
84857, 57.91
84917, 57.96
84977, 57.91
85037, 57.92
85097, 57.88
85157, 57.88
85217, 57.78
85277, 57.87
85337, 57.83
85397, 57.88
85457, 57.81
85517, 57.83
85577, 57.85
85637, 57.83
85697, 57.81
85757, 57.76
85817, 57.73
85877, 57.76
85937, 57.75
85997, 57.73
86057, 57.73
86117, 57.67
86177, 57.60
86237, 57.59
86297, 57.64
86357, 57.58
86417, 57.61
86477, 57.46
86537, 57.50
86597, 57.49
86657, 57.51
86717, 57.53
86777, 57.51
86837, 57.46
86897, 57.37
86957, 57.43
87017, 57.43
87077, 57.32
87137, 57.29
87197, 57.33
87257, 57.37
87317, 57.26
87377, 57.35
87437, 57.17
87497, 57.28
87557, 57.20
87617, 57.19
87677, 57.16
87737, 57.13
87797, 57.21
87857, 57.09
87917, 57.13
87977, 57.09
88037, 57.07
88097, 56.99
88157, 56.98
88217, 57.04
88277, 56.97
88337, 56.95
88397, 56.93
88457, 56.92
88517, 56.93
88577, 56.84
88637, 56.81
88697, 56.86
88757, 56.87
88817, 56.81
88877, 56.81
88937, 56.73
88997, 56.80
89057, 56.81
89117, 56.79
89177, 56.71
89237, 56.76
89297, 56.74
89357, 56.61
89417, 56.67
89477, 56.77
89537, 56.72
89597, 56.61
89657, 56.64
89717, 56.59
89777, 56.63
89837, 56.54
89897, 56.59
89957, 56.50
90017, 56.57
90077, 56.51
90137, 56.44
90197, 56.44
90257, 56.45
90317, 56.34
90377, 56.40
90437, 56.43
90497, 56.39
90557, 56.41
90617, 56.35
90677, 56.33
90737, 56.32
90797, 56.28
90857, 56.27
90917, 56.33
90977, 56.24
91037, 56.24
91097, 56.28
91157, 56.25
91217, 56.24
91277, 56.20
91337, 56.18
91397, 56.19
91457, 56.19
91517, 56.14
91577, 56.12
91637, 56.09
91697, 56.10
91757, 56.09
91817, 56.06
91877, 56.05
91937, 56.07
91997, 56.05
92057, 56.03
92117, 56.03
92177, 56.02
92237, 56.00
92297, 55.98
92357, 55.91
92417, 55.97
92477, 55.88
92537, 55.90
92597, 55.85
92657, 55.86
92717, 55.78
92777, 55.78
92837, 55.84
92897, 55.81
92957, 55.77
93017, 55.74
93077, 55.81
93137, 55.77
93197, 55.73
93257, 55.74
93317, 55.62
93377, 55.64
93437, 55.66
93497, 55.62
93557, 55.59
93617, 55.59
93677, 55.61
93737, 55.59
93797, 55.53
93857, 55.56
93917, 55.50
93977, 55.49
94037, 55.41
94097, 55.45
94157, 55.49
94217, 55.50
94277, 55.45
94337, 55.42
94397, 55.38
94457, 55.26
94517, 55.33
94577, 55.32
94637, 55.28
94697, 55.31
94757, 55.25
94817, 55.27
94877, 55.28
94937, 55.19
94997, 55.21
95057, 55.21
95117, 55.23
95177, 55.19
95237, 55.15
95297, 55.17
95357, 55.13
95417, 55.11
95477, 55.15
95537, 55.13
95607, 55.05
95667, 55.05
95727, 55.05
95787, 55.05
95847, 55.04
95907, 55.02
95967, 55.03
96027, 54.99
96087, 54.98
96147, 54.94
96207, 54.93
96267, 54.89
96327, 54.90
96387, 54.93
96447, 54.91
96507, 54.89
96567, 54.85
96627, 54.80
96687, 54.75
96747, 54.86
96807, 54.74
96867, 54.82
96927, 54.78
96987, 54.79
97047, 54.73
97107, 54.68
97167, 54.74
97227, 54.73
97287, 54.71
97347, 54.61
97407, 54.57
97467, 54.65
97527, 54.59
97587, 54.61
97647, 54.58
97707, 54.56
97767, 54.51
97827, 54.50
97887, 54.52
97947, 54.49
98007, 54.44
98067, 54.48
98127, 54.42
98187, 54.49
98247, 54.40
98307, 54.45
98367, 54.46
98427, 54.43
98487, 54.37
98547, 54.34
98607, 54.34
98667, 54.34
98727, 54.32
98787, 54.28
98847, 54.36
98907, 54.22
98967, 54.23
99027, 54.23
99087, 54.25
99147, 54.25
99207, 54.19
99267, 54.13
99327, 54.20
99387, 54.15
99447, 54.16
99507, 54.14
99567, 54.10
99627, 54.06
99687, 53.96
99747, 54.03
99807, 54.05
99867, 53.98
99927, 54.00
99987, 54.02
100047, 54.00
100107, 53.95
100167, 53.95
100227, 53.88
100287, 53.90
100347, 53.89
100407, 53.91
100467, 53.85
100527, 53.75
100587, 53.80
100647, 53.82
100707, 53.80
100767, 53.77
100827, 53.75
100887, 53.75
100947, 53.72
101007, 53.71
101067, 53.70
101127, 53.73
101187, 53.67
101247, 53.68
101307, 53.72
101367, 53.67
101427, 53.64
101487, 53.53
101547, 53.62
101607, 53.59
101667, 53.51
101727, 53.50
101787, 53.50
101847, 53.53
101907, 53.44
101967, 53.46
102027, 53.46
102087, 53.42
102147, 53.46
102207, 53.47
102267, 53.42
102327, 53.40
102387, 53.36
102447, 53.34
102507, 53.39
102567, 53.33
102627, 53.29
102687, 53.28
102747, 53.25
102807, 53.29
102867, 53.28
102927, 53.30
102987, 53.23
103047, 53.14
103107, 53.21
103167, 53.20
103227, 53.17
103287, 53.20
103347, 53.10
103407, 53.18
103467, 53.06
103527, 53.10
103587, 53.13
103647, 53.09
103707, 53.04
103767, 53.04
103827, 52.97
103887, 53.00
103947, 53.03
104007, 52.93
104067, 53.00
104127, 52.99
104187, 52.87
104247, 52.98
104307, 52.97
104367, 52.89
104427, 52.86
104487, 52.86
104547, 52.89
104607, 52.86
104667, 52.90
104727, 52.82
104787, 52.85
104847, 52.79
104907, 52.78
104967, 52.76
105027, 52.75
105087, 52.68
105147, 52.72
105207, 52.74
105267, 52.71
105327, 52.67
105387, 52.65
105447, 52.61
105507, 52.56
105567, 52.55
105627, 52.59
105687, 52.67
105747, 52.53
105807, 52.46
105867, 52.51
105927, 52.52
105987, 52.46
106047, 52.48
106107, 52.43
106167, 52.47
106227, 52.37
106287, 52.45
106347, 52.48
106407, 52.44
106467, 52.39
106527, 52.40
106587, 52.33
106647, 52.41
106707, 52.33
106767, 52.35
106827, 52.33
106887, 52.28
106947, 52.29
107007, 52.28
107067, 52.16
107127, 52.28
107187, 52.10
107247, 52.24
107307, 52.20
107367, 52.21
107427, 52.18
107487, 52.23
107547, 52.14
107607, 52.09
107667, 52.13
107727, 52.07
107787, 52.08
107847, 52.05
107907, 52.01
107967, 51.98
108027, 51.99
108087, 52.08
108147, 52.00
108207, 51.99
108267, 51.99
108327, 51.96
108387, 51.94
108447, 51.91
108507, 51.89
108567, 51.91
108627, 51.86
108687, 51.83
108747, 51.90
108807, 51.81
108867, 51.86
108927, 51.82
108987, 51.86
109047, 51.84
109107, 51.80
109167, 51.77
109227, 51.82
109287, 51.77
109347, 51.76
109407, 51.73
109467, 51.70
109527, 51.76
109587, 51.71
109647, 51.72
109707, 51.66
109767, 51.65
109827, 51.63
109887, 51.56
109947, 51.60
110007, 51.64
110067, 51.62
110127, 51.63
110187, 51.49
110247, 51.50
110307, 51.52
110367, 51.47
110427, 51.51
110487, 51.44
110547, 51.40
110607, 51.44
110667, 51.41
110727, 51.40
110787, 51.43
110847, 51.37
110907, 51.41
110967, 51.36
111027, 51.39
111087, 51.30
111147, 51.35
111207, 51.28
111267, 51.28
111327, 51.22
111387, 51.30
111447, 51.26
111507, 51.22
111567, 51.23
111627, 51.22
111687, 51.22
111747, 51.18
111807, 51.17
111867, 51.24
111927, 51.22
111987, 51.09
112047, 51.11
112107, 51.16
112167, 51.04
112227, 51.12
112287, 51.09
112347, 51.08
112407, 51.05
112467, 50.99
112527, 50.99
112587, 51.01
112647, 50.97
112707, 50.97
112767, 50.97
112827, 50.92
112887, 50.87
112947, 50.94
113007, 50.79
113067, 50.89
113127, 50.91
113187, 50.89
113247, 50.79
113307, 50.81
113367, 50.80
113427, 50.81
113497, 50.70
113557, 50.71
113617, 50.79
113677, 50.70
113737, 50.71
113797, 50.66
113857, 50.67
113917, 50.66
113977, 50.67
114037, 50.64
114097, 50.61
114157, 50.66
114217, 50.58
114277, 50.61
114337, 50.58
114397, 50.59
114457, 50.62
114517, 50.54
114577, 50.50
114637, 50.46
114697, 50.44
114757, 50.44
114817, 50.44
114877, 50.47
114937, 50.39
114997, 50.36
115057, 50.43
115117, 50.39
115177, 50.37
115237, 50.43
115297, 50.35
115357, 50.40
115417, 50.32
115477, 50.32
115537, 50.31
115597, 50.33
115657, 50.30
115717, 50.29
115777, 50.17
115837, 50.22
115897, 50.25
115957, 50.23
116017, 50.14
116077, 50.19
116137, 50.12
116197, 50.16
116257, 50.17
116317, 50.15
116377, 50.18
116437, 50.12
116497, 50.07
116557, 50.04
116617, 50.09
116677, 49.99
116737, 49.96
116797, 50.03
116857, 50.00
116917, 49.94
116977, 49.99
117037, 49.97
117097, 49.97
117157, 49.97
117217, 49.97
117277, 49.94
117337, 49.96
117397, 49.90
117457, 49.91
117517, 49.87
117577, 49.93
117637, 49.82
117697, 49.87
117757, 49.90
117817, 49.81
117877, 49.78
117937, 49.83
117997, 49.79
118057, 49.77
118117, 49.80
118177, 49.75
118237, 49.75
118297, 49.69
118357, 49.70
118417, 49.68
118477, 49.70
118537, 49.73
118597, 49.66
118657, 49.63
118717, 49.55
118777, 49.60
118837, 49.60
118897, 49.60
118957, 49.56
119017, 49.58
119077, 49.54
119137, 49.61
119197, 49.54
119257, 49.57
119317, 49.50
119377, 49.51
119437, 49.47
119497, 49.48
119557, 49.38
119617, 49.52
119677, 49.42
119737, 49.40
119797, 49.40
119857, 49.45
119917, 49.33
119977, 49.36
120037, 49.38
120097, 49.28
120157, 49.28
120217, 49.30
120277, 49.23
120337, 49.31
120397, 49.28
120457, 49.25
120517, 49.25
120577, 49.20
120637, 49.18
120697, 49.20
120757, 49.20
120817, 49.18
120877, 49.20
120937, 49.17
120997, 49.10
121057, 49.05
121117, 49.15
121177, 49.13
121237, 49.05
121297, 49.07
121357, 49.04
121417, 49.08
121477, 49.00
121537, 48.96
121597, 48.98
121657, 49.00
121717, 48.98
121777, 48.99
121837, 48.91
121897, 48.95
121957, 48.88
122017, 48.98
122077, 48.91
122137, 48.85
122197, 48.88
122257, 48.85
122317, 48.84
122377, 48.89
122437, 48.80
122497, 48.79
122557, 48.77
122617, 48.79
122677, 48.82
122737, 48.75
122797, 48.73
122857, 48.77
122917, 48.65
122977, 48.70
123037, 48.69
123097, 48.65
123157, 48.72
123217, 48.70
123277, 48.64
123337, 48.64
123397, 48.67
123457, 48.63
123517, 48.65
123577, 48.59
123637, 48.59
123697, 48.53
123757, 48.59
123817, 48.54
123877, 48.56
123937, 48.52
123997, 48.50
124057, 48.40
124117, 48.48
124177, 48.38
124237, 48.45
124297, 48.42
124357, 48.44
124417, 48.43
124477, 48.40
124537, 48.44
124597, 48.39
124657, 48.38
124717, 48.30
124777, 48.40
124837, 48.34
124897, 48.42
124957, 48.26
125017, 48.29
125077, 48.29
125137, 48.26
125197, 48.25
125257, 48.27
125317, 48.26
125377, 48.25
125437, 48.21
125497, 48.19
125557, 48.23
125617, 48.18
125677, 48.16
125737, 48.08
125797, 48.16
125857, 48.13
125917, 48.13
125977, 48.11
126037, 48.06
126097, 48.08
126157, 48.06
126217, 48.09
126277, 48.06
126337, 48.01
126397, 48.03
126457, 47.94
126517, 48.02
126577, 47.96
126637, 48.01
126697, 47.96
126757, 47.96
126817, 47.94
126877, 47.93
126937, 47.86
126997, 47.92
127057, 47.89
127117, 47.89
127177, 47.89
127237, 47.79
127297, 47.83
127357, 47.81
127417, 47.83
127477, 47.84
127537, 47.76
127597, 47.72
127657, 47.72
127717, 47.73
127777, 47.76
127837, 47.73
127897, 47.65
127957, 47.68
128017, 47.60
128077, 47.70
128137, 47.63
128197, 47.55
128257, 47.63
128317, 47.63
128377, 47.63
128437, 47.52
128497, 47.54
128557, 47.52
128617, 47.54
128677, 47.51
128737, 47.57
128797, 47.59
128857, 47.49
128917, 47.54
128977, 47.52
129037, 47.41
129097, 47.48
129157, 47.45
129217, 47.40
129277, 47.44
129337, 47.39
129397, 47.40
129457, 47.35
129517, 47.34
129577, 47.29
129637, 47.33
129697, 47.29
129757, 47.31
129817, 47.24
129877, 47.34
129937, 47.29
129997, 47.25
130057, 47.32
130117, 47.29
130177, 47.21
130237, 47.18
130297, 47.21
130357, 47.22
130417, 47.11
130477, 47.16
130537, 47.13
130597, 47.14
130657, 47.08
130717, 47.06
130777, 47.11
130837, 47.07
130897, 47.03
130957, 47.04
131027, 47.03
131087, 47.00
131147, 46.99
131207, 46.96
131267, 46.98
131327, 46.97
131387, 46.94
131447, 46.96
131507, 46.94
131567, 46.95
131627, 46.96
131687, 46.91
131747, 46.92
131807, 46.88
131867, 46.91
131927, 46.90
131987, 46.83
132047, 46.86
132107, 46.79
132167, 46.85
132227, 46.84
132287, 46.87
132347, 46.79
132407, 46.81
132467, 46.74
132527, 46.81
132587, 46.74
132647, 46.64
132707, 46.77
132767, 46.69
132827, 46.63
132887, 46.71
132947, 46.69
133007, 46.65
133067, 46.64
133127, 46.69
133187, 46.66
133247, 46.64
133307, 46.65
133367, 46.59
133427, 46.57
133487, 46.55
133547, 46.58
133607, 46.44
133667, 46.51
133727, 46.45
133787, 46.50
133847, 46.48
133907, 46.52
133967, 46.49
134027, 46.45
134087, 46.45
134147, 46.41
134207, 46.47
134267, 46.43
134327, 46.41
134387, 46.38
134447, 46.37
134507, 46.35
134567, 46.38
134627, 46.34
134687, 46.39
134747, 46.29
134807, 46.30
134867, 46.28
134927, 46.25
134987, 46.30
135047, 46.24
135107, 46.20
135167, 46.23
135227, 46.20
135287, 46.22
135347, 46.15
135407, 46.15
135467, 46.13
135527, 46.17
135587, 46.16
135647, 46.15
135707, 46.20
135767, 46.17
135827, 45.99
135887, 46.07
135947, 46.07
136007, 46.02
136067, 46.07
136127, 46.05
136187, 46.04
136247, 45.98
136307, 46.04
136367, 45.97
136427, 45.93
136487, 45.96
136547, 45.99
136607, 45.95
136667, 45.96
136727, 45.91
136787, 45.90
136847, 45.91
136907, 45.88
136967, 45.89
137027, 45.88
137087, 45.88
137147, 45.89
137207, 45.81
137267, 45.83
137327, 45.80
137387, 45.79
137447, 45.83
137507, 45.76
137567, 45.83
137627, 45.72
137687, 45.76
137747, 45.74
137807, 45.75
137867, 45.70
137927, 45.73
137987, 45.74
138047, 45.63
138107, 45.64
138167, 45.68
138227, 45.67
138287, 45.61
138347, 45.61
138407, 45.60
138467, 45.55
138527, 45.60
138587, 45.55
138647, 45.56
138707, 45.51
138767, 45.53
138827, 45.54
138887, 45.56
138947, 45.53
139007, 45.48
139067, 45.48
139127, 45.41
139187, 45.44
139247, 45.42
139307, 45.44
139367, 45.44
139427, 45.45
139487, 45.42
139547, 45.36
139607, 45.43
139667, 45.36
139727, 45.37
139787, 45.33
139847, 45.36
139907, 45.27
139967, 45.24
140027, 45.29
140087, 45.22
140147, 45.27
140207, 45.27
140267, 45.26
140327, 45.26
140387, 45.26
140447, 45.28
140507, 45.25
140567, 45.23
140627, 45.20
140687, 45.19
140747, 45.12
140807, 45.18
140867, 45.19
140927, 45.13
140987, 45.12
141047, 45.16
141107, 45.14
141167, 45.02
141227, 45.10
141287, 45.08
141347, 45.10
141407, 45.08
141467, 45.03
141527, 45.06
141587, 45.01
141647, 45.03
141707, 44.96
141767, 44.94
141827, 44.95
141887, 44.89
141947, 44.94
142007, 44.98
142067, 44.98
142127, 44.92
142187, 44.88
142247, 44.83
142307, 44.90
142367, 44.89
142427, 44.82
142487, 44.84
142547, 44.88
142607, 44.80
142667, 44.83
142727, 44.88
142787, 44.83
142847, 44.80
142907, 44.84
142967, 44.77
143027, 44.78
143087, 44.79
143147, 44.62
143207, 44.71
143267, 44.75
143327, 44.65
143387, 44.70
143447, 44.70
143507, 44.70
143567, 44.67
143627, 44.61
143687, 44.59
143747, 44.62
143807, 44.58
143867, 44.58
143927, 44.62
143987, 44.57
144047, 44.56
144107, 44.52
144167, 44.55
144227, 44.55
144287, 44.54
144347, 44.49
144407, 44.48
144467, 44.47
144527, 44.51
144587, 44.44
144647, 44.47
144707, 44.47
144767, 44.46
144827, 44.48
144887, 44.44
144947, 44.42
145007, 44.38
145067, 44.39
145127, 44.32
145187, 44.39
145247, 44.30
145307, 44.28
145367, 44.33
145427, 44.29
145487, 44.30
145547, 44.32
145607, 44.23
145667, 44.32
145727, 44.17
145787, 44.15
145847, 44.22
145907, 44.17
145967, 44.19
146027, 44.16
146087, 44.15
146147, 44.15
146207, 44.09
146267, 44.16
146327, 43.99
146387, 44.13
146447, 44.09
146507, 44.01
146567, 44.10
146627, 44.06
146687, 44.05
146747, 44.04
146807, 44.06
146867, 44.05
146927, 44.01
146987, 44.04
147047, 43.92
147107, 43.91
147167, 44.01
147227, 43.92
147287, 43.84
147347, 43.97
147407, 43.89
147467, 43.98
147527, 43.89
147587, 43.90
147647, 43.79
147707, 43.87
147767, 43.88
147827, 43.85
147887, 43.85
147947, 43.80
148007, 43.84
148067, 43.79
148127, 43.84
148187, 43.75
148247, 43.79
148307, 43.79
148367, 43.75
148427, 43.76
148487, 43.72
148547, 43.75
148617, 43.70
148677, 43.76
148737, 43.62
148797, 43.68
148857, 43.66
148917, 43.60
148977, 43.68
149037, 43.60
149097, 43.59
149157, 43.64
149217, 43.63
149277, 43.55
149337, 43.56
149397, 43.58
149457, 43.54
149517, 43.52
149577, 43.52
149637, 43.47
149697, 43.49
149757, 43.45
149817, 43.44
149877, 43.47
149937, 43.50
149997, 43.46
150057, 43.44
150117, 43.44
150177, 43.45
150237, 43.45
150297, 43.40
150357, 43.37
150417, 43.37
150477, 43.42
150537, 43.34
150597, 43.37
150657, 43.31
150717, 43.44
150777, 43.31
150837, 43.34
150897, 43.33
150957, 43.36
151017, 43.29
151077, 43.31
151137, 43.30
151197, 43.27
151257, 43.25
151317, 43.23
151377, 43.27
151437, 43.24
151497, 43.22
151557, 43.26
151617, 43.20
151677, 43.19
151737, 43.10
151797, 43.21
151857, 43.18
151917, 43.09
151977, 43.16
152037, 43.13
152097, 43.11
152157, 43.14
152217, 43.03
152277, 43.07
152337, 43.08
152397, 43.04
152457, 43.02
152517, 43.03
152577, 42.97
152637, 43.05
152697, 42.96
152757, 42.99
152817, 43.12
152877, 42.96
152937, 42.96
152997, 42.96
153057, 42.98
153117, 43.01
153177, 42.91
153237, 42.90
153297, 42.95
153357, 42.89
153417, 42.85
153477, 42.83
153537, 42.88
153597, 42.89
153657, 42.82
153717, 42.85
153777, 42.78
153837, 42.87
153897, 42.78
153957, 42.81
154017, 42.71
154077, 42.84
154137, 42.73
154197, 42.74
154257, 42.72
154317, 42.64
154377, 42.67
154437, 42.63
154497, 42.63
154557, 42.65
154617, 42.65
154677, 42.60
154737, 42.58
154797, 42.62
154857, 42.65
154917, 42.55
154977, 42.62
155037, 42.57
155097, 42.57
155157, 42.55
155217, 42.54
155277, 42.58
155337, 42.50
155397, 42.50
155457, 42.55
155517, 42.52
155577, 42.55
155637, 42.55
155697, 42.41
155757, 42.45
155817, 42.42
155877, 42.37
155937, 42.46
155997, 42.43
156057, 42.43
156117, 42.41
156177, 42.40
156237, 42.33
156297, 42.36
156357, 42.30
156417, 42.31
156477, 42.33
156537, 42.26
156597, 42.34
156657, 42.26
156717, 42.30
156777, 42.23
156837, 42.28
156897, 42.25
156957, 42.25
157017, 42.18
157077, 42.22
157137, 42.30
157197, 42.22
157257, 42.25
157317, 42.21
157377, 42.25
157437, 42.21
157497, 42.19
157557, 42.19
157617, 42.20
157677, 42.12
157737, 42.13
157797, 42.08
157857, 42.11
157917, 42.08
157977, 42.15
158037, 42.04
158097, 42.06
158157, 42.04
158217, 42.09
158277, 42.08
158337, 42.07
158397, 42.08
158457, 42.02
158517, 42.04
158577, 41.94
158637, 41.98
158697, 41.99
158757, 41.94
158817, 41.98
158877, 41.99
158937, 41.90
158997, 41.87
159057, 41.86
159117, 41.86
159177, 41.82
159237, 41.81
159297, 41.81
159357, 41.85
159417, 41.89
159477, 41.84
159537, 41.87
159597, 41.87
159657, 41.88
159717, 41.77
159777, 41.79
159837, 41.73
159897, 41.78
159957, 41.81
160017, 41.67
160077, 41.77
160137, 41.75
160197, 41.74
160257, 41.76
160317, 41.72
160377, 41.69
160437, 41.72
160497, 41.67
160557, 41.70
160617, 41.68
160677, 41.70
160737, 41.73
160797, 41.67
160857, 41.65
160917, 41.59
160977, 41.60
161037, 41.61
161097, 41.59
161157, 41.65
161217, 41.53
161277, 41.60
161337, 41.59
161397, 41.54
161457, 41.50
161517, 41.48
161577, 41.45
161637, 41.48
161697, 41.47
161757, 41.52
161817, 41.43
161877, 41.43
161937, 41.48
161997, 41.42
162057, 41.43
162117, 41.37
162177, 41.41
162237, 41.33
162297, 41.38
162357, 41.38
162417, 41.42
162477, 41.38
162537, 41.38
162597, 41.38
162657, 41.36
162717, 41.33
162777, 41.36
162837, 41.34
162897, 41.24
162957, 41.22
163017, 41.25
163077, 41.25
163137, 41.29
163197, 41.16
163257, 41.18
163317, 41.21
163377, 41.22
163437, 41.18
163497, 41.15
163557, 41.14
163617, 41.14
163677, 41.13
163737, 41.16
163797, 41.17
163857, 41.13
163917, 41.12
163977, 41.16
164037, 41.13
164097, 41.06
164157, 40.99
164217, 41.09
164277, 41.00
164337, 41.04
164397, 40.98
164457, 41.04
164517, 40.99
164577, 41.01
164637, 41.01
164697, 40.99
164757, 40.99
164817, 40.92
164877, 40.90
164937, 40.94
164997, 40.90
165057, 40.89
165117, 40.83
165177, 40.85
165237, 40.85
165297, 40.96
165357, 40.86
165417, 40.85
165477, 40.88
165537, 40.88
165597, 40.86
165657, 40.80
165717, 40.73
165777, 40.72
165837, 40.74
165897, 40.76
165957, 40.72
166017, 40.69
166077, 40.68
166137, 40.74
166207, 40.70
166267, 40.64
166327, 40.67
166387, 40.67
166447, 40.68
166507, 40.66
166567, 40.72
166627, 40.59
166687, 40.68
166747, 40.63
166807, 40.63
166867, 40.64
166927, 40.54
166987, 40.62
167047, 40.62
167107, 40.61
167167, 40.54
167227, 40.45
167287, 40.59
167347, 40.50
167407, 40.50
167467, 40.50
167527, 40.49
167587, 40.49
167647, 40.41
167707, 40.50
167767, 40.47
167827, 40.41
167887, 40.44
167947, 40.44
168007, 40.39
168067, 40.45
168127, 40.42
168187, 40.38
168247, 40.45
168307, 40.38
168367, 40.39
168427, 40.41
168487, 40.38
168547, 40.39
168607, 40.28
168667, 40.32
168727, 40.32
168787, 40.35
168847, 40.35
168907, 40.28
168967, 40.27
169027, 40.26
169087, 40.32
169147, 40.30
169207, 40.28
169267, 40.25
169327, 40.30
169387, 40.20
169447, 40.26
169507, 40.15
169567, 40.21
169627, 40.22
169687, 40.18
169747, 40.13
169807, 40.11
169867, 40.11
169927, 40.20
169987, 40.19
170047, 40.16
170107, 40.09
170167, 40.09
170227, 40.05
170287, 40.11
170347, 40.09
170407, 40.11
170467, 40.01
170527, 40.05
170587, 40.01
170647, 40.02
170707, 40.02
170767, 40.02
170827, 39.97
170887, 39.97
170947, 39.96
171007, 39.94
171067, 39.86
171127, 39.93
171187, 39.92
171247, 39.88
171307, 39.96
171367, 39.95
171427, 39.91
171487, 39.86
171547, 39.88
171607, 39.92
171667, 39.89
171727, 39.86
171787, 39.78
171847, 39.86
171907, 39.79
171967, 39.80
172027, 39.82
172087, 39.74
172147, 39.78
172207, 39.83
172267, 39.77
172327, 39.73
172387, 39.76
172447, 39.73
172507, 39.71
172567, 39.75
172627, 39.66
172687, 39.66
172747, 39.71
172807, 39.71
172867, 39.68
172927, 39.66
172987, 39.63
173047, 39.66
173107, 39.57
173167, 39.56
173227, 39.63
173287, 39.58
173347, 39.55
173407, 39.53
173467, 39.59
173527, 39.55
173587, 39.59
173647, 39.56
173707, 39.54
173767, 39.54
173827, 39.51
173887, 39.55
173947, 39.52
174007, 39.51
174067, 39.50
174127, 39.47
174187, 39.54
174247, 39.48
174307, 39.43
174367, 39.41
174427, 39.43
174487, 39.43
174547, 39.39
174607, 39.38
174667, 39.39
174727, 39.40
174787, 39.43
174847, 39.41
174907, 39.45
174967, 39.24
175027, 39.31
175087, 39.25
175147, 39.37
175207, 39.33
175267, 39.31
175327, 39.38
175387, 39.32
175447, 39.29
175507, 39.29
175567, 39.26
175627, 39.21
175687, 39.21
175747, 39.27
175807, 39.28
175867, 39.27
175927, 39.25
175987, 39.14
176047, 39.23
176107, 39.14
176167, 39.16
176227, 39.15
176287, 39.14
176347, 39.16
176407, 39.16
176467, 39.13
176527, 39.18
176587, 39.17
176647, 39.17
176707, 39.14
176767, 39.07
176827, 39.11
176887, 39.01
176947, 39.11
177007, 38.99
177067, 39.03
177127, 39.08
177187, 39.00
177247, 39.07
177307, 38.95
177367, 38.98
177427, 38.98
177487, 38.96
177547, 39.02
177607, 39.01
177667, 38.88
177727, 38.95
177787, 38.89
177847, 38.95
177907, 38.89
177967, 38.85
178027, 38.90
178087, 38.88
178147, 38.79
178207, 38.90
178267, 38.90
178327, 38.87
178387, 38.85
178447, 38.89
178507, 38.77
178567, 38.82
178627, 38.78
178687, 38.76
178747, 38.83
178807, 38.75
178867, 38.78
178927, 38.74
178987, 38.84
179047, 38.66
179107, 38.68
179167, 38.67
179227, 38.73
179287, 38.77
179347, 38.74
179407, 38.69
179467, 38.74
179527, 38.68
179587, 38.69
179647, 38.68
179707, 38.67
179767, 38.59
179827, 38.70
179887, 38.57
179947, 38.60
180007, 38.64
