39, -2.80
99, -2.74
159, -2.82
219, -2.74
279, -2.75
339, -2.78
399, -2.79
459, -2.73
519, -2.79
579, -2.80
639, -2.79
699, -2.75
759, -2.78
819, -2.75
879, -2.77
939, -2.82
999, -2.80
1059, -2.79
1119, -2.77
1179, 9.83
1239, 75.80
1299, 85.14
1359, 85.03
1419, 84.99
1479, 84.92
1539, 84.95
1599, 84.88
1659, 84.98
1719, 84.87
1779, 84.88
1839, 84.79
1899, 84.92
1959, 84.84
2019, 84.74
2079, 84.76
2139, 84.74
2199, 84.70
2259, 84.57
2319, 84.71
2379, 84.60
2439, 84.62
2499, 84.59
2559, 84.63
2619, 84.54
2679, 84.47
2739, 84.54
2799, 84.47
2859, 84.47
2919, 84.49
2979, 84.46
3039, 84.23
3099, 84.41
3159, 84.38
3219, 84.35
3279, 84.28
3339, 84.31
3399, 84.29
3459, 84.35
3519, 84.24
3579, 84.31
3639, 84.26
3699, 84.20
3759, 84.14
3819, 84.05
3879, 84.02
3939, 84.12
3999, 83.85
4059, 83.96
4119, 83.97
4179, 84.04
4239, 83.84
4299, 83.93
4359, 83.93
4419, 83.85
4479, 83.83
4539, 83.90
4599, 83.76
4659, 83.82
4719, 83.85
4779, 83.77
4839, 83.74
4899, 83.81
4959, 83.64
5019, 83.88
5079, 83.66
5139, 83.66
5199, 83.58
5259, 83.58
5319, 83.55
5379, 83.44
5439, 83.47
5499, 83.43
5559, 83.44
5619, 83.43
5679, 83.40
5739, 83.27
5799, 83.37
5859, 83.28
5919, 83.34
5979, 83.20
6039, 83.24
6099, 83.24
6159, 83.15
6219, 83.03
6279, 83.12
6339, 83.18
6399, 83.09
6459, 83.10
6519, 82.98
6579, 83.00
6639, 82.95
6699, 82.93
6759, 82.88
6819, 82.99
6879, 82.97
6939, 82.85
6999, 82.91
7059, 82.93
7119, 82.88
7179, 82.71
7239, 82.77
7299, 82.75
7359, 82.71
7419, 82.71
7479, 82.72
7539, 82.67
7599, 82.73
7659, 82.66
7719, 82.62
7779, 82.60
7839, 82.54
7899, 82.58
7959, 82.44
8019, 82.43
8079, 82.48
8139, 82.57
8199, 82.39
8259, 82.38
8319, 82.45
8379, 82.33
8439, 82.41
8499, 82.36
8559, 82.36
8619, 82.31
8679, 82.34
8739, 82.18
8799, 82.20
8859, 82.16
8919, 82.16
8979, 82.10
9039, 82.12
9099, 82.11
9159, 82.09
9219, 82.13
9279, 82.06
9339, 82.07
9399, 82.06
9459, 82.03
9519, 82.01
9579, 81.92
9639, 81.91
9699, 81.93
9759, 81.95
9819, 81.85
9879, 81.85
9939, 81.78
9999, 81.81
10059, 81.75
10119, 81.77
10179, 81.73
10239, 81.77
10299, 81.77
10359, 81.60
10419, 81.57
10479, 81.65
10539, 81.62
10599, 81.68
10659, 81.65
10719, 81.64
10779, 81.54
10839, 81.55
10899, 81.52
10959, 81.53
11019, 81.48
11079, 81.48
11139, 81.35
11199, 81.37
11259, 81.43
11319, 81.26
11379, 81.29
11439, 81.33
11499, 81.28
11559, 81.28
11619, 81.24
11679, 81.26
11739, 81.20
11799, 81.22
11859, 81.07
11919, 81.07
11979, 81.12
12039, 81.07
12099, 81.00
12159, 81.06
12219, 81.02
12279, 80.95
12339, 80.97
12399, 80.94
12459, 80.95
12519, 80.87
12579, 80.83
12639, 80.84
12699, 80.81
12759, 80.80
12819, 80.68
12879, 80.71
12939, 80.74
12999, 80.68
13059, 80.58
13119, 80.70
13179, 80.61
13239, 80.67
13299, 80.65
13359, 80.59
13419, 80.57
13479, 80.55
13539, 80.50
13599, 80.51
13659, 80.37
13719, 80.42
13779, 80.38
13839, 80.36
13899, 80.40
13959, 80.36
14019, 80.42
14079, 80.34
14139, 80.30
14199, 80.33
14259, 80.25
14319, 80.19
14379, 80.24
14439, 80.15
14499, 79.98
14559, 80.18
14619, 80.07
14679, 80.05
14739, 80.05
14799, 80.05
14859, 80.08
14919, 80.03
14979, 79.98
15039, 79.94
15099, 79.84
15159, 79.94
15219, 79.92
15279, 79.87
15339, 79.82
15399, 79.87
15459, 79.75
15519, 79.77
15579, 79.75
15639, 79.72
15699, 79.74
15759, 79.76
15819, 79.67
15879, 79.68
15939, 79.64
15999, 79.65
16059, 79.54
16119, 79.54
16179, 79.57
16239, 79.61
16299, 79.46
16359, 79.51
16419, 79.46
16479, 79.48
16539, 79.41
16599, 79.49
16659, 79.44
16719, 79.25
16779, 79.33
16839, 79.30
16899, 79.36
16959, 79.34
17019, 79.29
17079, 79.31
17139, 79.25
17199, 79.18
17259, 79.20
17319, 79.17
17379, 79.15
17439, 79.11
17499, 79.19
17559, 79.10
17619, 79.05
17679, 78.96
17739, 79.08
17799, 79.07
17859, 79.03
17919, 79.11
17979, 79.00
18039, 78.90
18099, 78.91
18159, 78.91
18219, 78.88
18279, 78.79
18339, 78.95
18399, 78.88
18459, 78.80
18519, 78.80
18579, 78.75
18639, 78.79
18699, 78.76
18759, 78.62
18819, 78.73
18879, 78.66
18939, 78.58
18999, 78.56
19059, 78.60
19119, 78.62
19179, 78.49
19239, 78.55
19299, 78.56
19359, 78.49
19419, 78.50
19479, 78.50
19539, 78.39
19599, 78.41
19659, 78.31
19719, 78.27
19779, 78.35
19853, 78.28
19913, 78.26
19973, 78.35
20033, 78.35
20093, 78.21
20153, 78.26
20213, 78.22
20273, 78.14
20333, 78.04
20393, 78.13
20453, 78.12
20513, 78.10
20573, 78.05
20633, 77.96
20693, 78.06
20753, 78.00
20813, 77.98
20873, 78.00
20933, 77.95
20993, 77.96
21053, 78.00
21113, 77.86
21173, 77.89
21233, 77.90
21293, 77.85
21353, 77.80
21413, 77.84
21473, 77.87
21533, 77.79
21593, 77.76
21653, 77.69
21713, 77.72
21773, 77.71
21833, 77.67
21893, 77.64
21953, 77.58
22013, 77.57
22073, 77.60
22133, 77.44
22193, 77.60
22253, 77.51
22313, 77.55
22373, 77.43
22433, 77.52
22493, 77.49
22553, 77.35
22613, 77.30
22673, 77.37
22733, 77.36
22793, 77.37
22853, 77.40
22913, 77.29
22973, 77.29
23033, 77.29
23093, 77.36
23153, 77.28
23213, 77.19
23273, 77.15
23333, 77.11
23393, 77.18
23453, 77.12
23513, 77.12
23573, 77.08
23633, 77.09
23693, 77.03
23753, 76.95
23813, 76.92
23873, 76.99
23933, 76.92
23993, 76.86
24053, 76.83
24113, 76.83
24173, 76.79
24233, 76.79
24293, 76.75
24353, 76.67
24413, 76.73
24473, 76.75
24533, 76.69
24593, 76.76
24653, 76.70
24713, 76.54
24773, 76.63
24833, 76.61
24893, 76.63
24953, 76.56
25013, 76.63
25073, 76.56
25133, 76.51
25193, 76.51
25253, 76.49
25313, 76.40
25373, 76.51
25433, 76.43
25493, 76.43
25553, 76.34
25613, 76.37
25673, 76.38
25733, 76.34
25793, 76.33
25853, 76.28
25913, 76.25
25973, 76.32
26033, 76.22
26093, 76.21
26153, 76.23
26213, 76.20
26273, 76.08
26333, 76.08
26393, 76.12
26453, 76.22
26513, 76.10
26573, 76.09
26633, 76.07
26693, 76.08
26753, 75.99
26813, 76.01
26873, 76.01
26933, 75.94
26993, 75.96
27053, 75.91
27113, 75.91
27173, 75.91
27233, 75.85
27293, 75.82
27353, 75.88
27413, 75.83
27473, 75.87
27533, 75.64
27593, 75.81
27653, 75.72
27713, 75.79
27773, 75.66
27833, 75.68
27893, 75.63
27953, 75.61
28013, 75.61
28073, 75.65
28133, 75.59
28193, 75.55
28253, 75.54
28313, 75.53
28373, 75.46
28433, 75.41
28493, 75.38
28553, 75.42
28613, 75.34
28673, 75.38
28733, 75.38
28793, 75.25
28853, 75.29
28913, 75.22
28973, 75.24
29033, 75.28
29093, 75.21
29153, 75.13
29213, 75.17
29273, 75.17
29333, 75.13
29393, 75.15
29453, 75.07
29513, 75.02
29573, 75.02
29633, 74.94
29693, 75.03
29753, 74.99
29813, 75.00
29873, 74.97
29933, 74.99
29993, 74.94
30053, 74.91
30113, 74.94
30173, 74.74
30233, 74.83
30293, 74.86
30353, 74.81
30413, 74.86
30473, 74.84
30533, 74.70
30593, 74.73
30653, 74.67
30713, 74.60
30773, 74.63
30833, 74.63
30893, 74.59
30953, 74.62
31013, 74.57
31073, 74.64
31133, 74.59
31193, 74.53
31253, 74.47
31313, 74.47
31373, 74.53
31433, 74.48
31493, 74.57
31553, 74.44
31613, 74.42
31673, 74.32
31733, 74.42
31793, 74.42
31853, 74.42
31913, 74.38
31973, 74.25
32033, 74.36
32093, 74.26
32153, 74.32
32213, 74.20
32273, 74.33
32333, 74.17
32393, 74.16
32453, 74.12
32513, 74.14
32573, 74.12
32633, 74.07
32693, 74.03
32753, 74.03
32813, 74.05
32873, 74.03
32933, 74.01
32993, 73.95
33053, 73.90
33113, 73.98
33173, 73.90
33233, 73.79
33293, 73.87
33353, 73.90
33413, 73.76
33473, 73.81
33533, 73.76
33593, 73.81
33653, 73.73
33713, 73.67
33773, 73.73
33833, 73.66
33893, 73.49
33953, 73.70
34013, 73.57
34073, 73.59
34133, 73.59
34193, 73.56
34253, 73.54
34313, 73.52
34373, 73.42
34433, 73.47
34493, 73.36
34553, 73.48
34613, 73.43
34673, 73.42
34733, 73.36
34793, 73.32
34853, 73.25
34913, 73.33
34973, 73.30
35033, 73.33
35093, 73.30
35153, 73.20
35213, 73.25
35273, 73.22
35333, 73.22
35393, 73.17
35453, 73.18
35513, 73.19
35573, 73.12
35633, 73.15
35693, 73.13
35753, 73.02
35813, 73.02
35873, 72.98
35933, 73.02
35993, 72.93
36053, 72.95
36113, 72.91
36173, 72.91
36233, 72.95
36293, 72.89
36353, 72.93
36413, 72.83
36473, 72.83
36533, 72.87
36593, 72.76
36653, 72.81
36713, 72.77
36773, 72.73
36833, 72.81
36893, 72.69
36953, 72.64
37013, 72.72
37073, 72.67
37133, 72.65
37193, 72.64
37253, 72.54
37313, 72.51
37373, 72.58
37433, 72.41
37493, 72.41
37553, 72.49
37613, 72.52
37673, 72.37
37733, 72.42
37793, 72.46
37853, 72.42
37913, 72.33
37973, 72.33
38033, 72.27
38093, 72.44
38153, 72.29
38213, 72.36
38273, 72.26
38333, 72.20
38393, 72.15
38453, 72.25
38513, 72.24
38573, 72.14
38633, 72.10
38693, 72.13
38763, 72.05
38823, 72.07
38883, 72.09
38943, 72.06
39003, 72.05
39063, 71.95
39123, 71.95
39183, 72.00
39243, 71.95
39303, 71.86
39363, 71.89
39423, 71.91
39483, 71.87
39543, 71.74
39603, 71.83
39663, 71.80
39723, 71.80
39783, 71.79
39843, 71.76
39903, 71.66
39963, 71.70
40023, 71.73
40083, 71.66
40143, 71.57
40203, 71.60
40263, 71.49
40323, 71.57
40383, 71.53
40443, 71.49
40503, 71.48
40563, 71.43
40623, 71.51
40683, 71.44
40743, 71.55
40803, 71.47
40863, 71.44
40923, 71.41
40983, 71.40
41043, 71.38
41103, 71.36
41163, 71.31
41223, 71.35
41283, 71.28
41343, 71.33
41403, 71.28
41463, 71.23
41523, 71.25
41583, 71.19
41643, 71.21
41703, 71.20
41763, 71.21
41823, 71.10
41883, 71.20
41943, 71.16
42003, 71.04
42063, 71.03
42123, 71.06
42183, 71.04
42243, 70.99
42303, 71.00
42363, 70.95
42423, 70.95
42483, 70.91
42543, 70.81
42603, 70.94
42663, 70.85
42723, 70.83
42783, 70.82
42843, 70.78
42903, 70.81
42963, 70.72
43023, 70.74
43083, 70.75
43143, 70.77
43203, 70.64
43263, 70.72
43323, 70.66
43383, 70.58
43443, 70.51
43503, 70.56
43563, 70.44
43623, 70.53
43683, 70.42
43743, 70.43
43803, 70.44
43863, 70.47
43923, 70.35
43983, 70.39
44043, 70.36
44103, 70.34
44163, 70.34
44223, 70.28
44283, 70.28
44343, 70.33
44403, 70.25
44463, 70.20
44523, 70.25
44583, 70.16
44643, 70.23
44703, 70.08
44763, 70.11
44823, 70.09
44883, 70.05
44943, 70.05
45003, 70.05
45063, 70.06
45123, 69.98
45183, 69.99
45243, 69.98
45303, 69.95
45363, 69.98
45423, 69.92
45483, 69.91
45543, 69.88
45603, 69.80
45663, 69.78
45723, 69.83
45783, 69.72
45843, 69.84
45903, 69.76
45963, 69.72
46023, 69.74
46083, 69.78
46143, 69.72
46203, 69.69
46263, 69.58
46323, 69.60
46383, 69.61
46443, 69.72
46503, 69.59
46563, 69.61
46623, 69.47
46683, 69.47
46743, 69.52
46803, 69.49
46863, 69.37
46923, 69.48
46983, 69.39
47043, 69.42
47103, 69.43
47163, 69.38
47223, 69.36
47283, 69.40
47343, 69.33
47403, 69.40
47463, 69.25
47523, 69.23
47583, 69.21
47643, 69.27
47703, 69.22
47763, 69.19
47823, 69.12
47883, 69.20
47943, 69.08
48003, 69.08
48063, 68.99
48123, 69.11
48183, 69.03
48243, 68.99
48303, 69.00
48363, 69.08
48423, 68.96
48483, 68.96
48543, 69.01
48603, 68.87
48663, 68.90
48723, 68.87
48783, 68.80
48843, 68.77
48903, 68.81
48963, 68.85
49023, 68.76
49083, 68.73
49143, 68.70
49203, 68.68
49263, 68.72
49323, 68.62
49383, 68.64
49443, 68.61
49503, 68.59
49563, 68.61
49623, 68.54
49683, 68.51
49743, 68.46
49803, 68.38
49863, 68.46
49923, 68.48
49983, 68.39
50043, 68.46
50103, 68.34
50163, 68.29
50223, 68.30
50283, 68.41
50343, 68.29
50403, 68.35
50463, 68.33
50523, 68.21
50583, 68.14
50643, 68.16
50703, 68.24
50763, 68.20
50823, 68.19
50883, 68.18
50943, 68.17
51003, 68.17
51063, 68.13
51123, 68.13
51183, 68.14
51243, 68.10
51303, 68.11
51363, 67.98
51423, 68.03
51483, 67.95
51543, 67.98
51603, 67.92
51663, 67.89
51723, 67.94
51783, 67.92
51843, 67.90
51903, 67.89
51963, 67.85
52023, 67.85
52083, 67.81
52143, 67.83
52203, 67.79
52263, 67.73
52323, 67.71
52383, 67.72
52443, 67.69
52503, 67.64
52563, 67.66
52623, 67.66
52683, 67.57
52743, 67.59
52803, 67.65
52863, 67.67
52923, 67.55
52983, 67.39
53043, 67.54
53103, 67.40
53163, 67.38
53223, 67.46
53283, 67.45
53343, 67.42
53403, 67.34
53463, 67.36
53523, 67.39
53583, 67.38
53643, 67.32
53703, 67.33
53763, 67.28
53823, 67.32
53883, 67.20
53943, 67.04
54003, 67.18
54063, 67.15
54123, 67.05
54183, 67.10
54243, 67.06
54303, 67.05
54363, 67.01
54423, 67.02
54483, 66.95
54543, 67.05
54603, 67.01
54663, 66.86
54723, 66.80
54783, 66.91
54843, 66.93
54903, 66.77
54963, 66.84
55023, 66.80
55083, 66.80
55143, 66.79
55203, 66.67
55263, 66.69
55323, 66.73
55383, 66.71
55443, 66.71
55503, 66.59
55563, 66.64
55623, 66.54
55683, 66.64
55743, 66.57
55803, 66.55
55863, 66.49
55923, 66.52
55983, 66.53
56043, 66.42
56103, 66.44
56163, 66.34
56223, 66.44
56283, 66.46
56343, 66.32
56403, 66.29
56463, 66.31
56523, 66.28
56583, 66.32
56643, 66.30
56703, 66.33
56763, 66.25
56823, 66.19
56883, 66.17
56943, 66.14
57003, 66.14
57063, 66.12
57123, 66.08
57183, 66.09
57243, 66.01
57303, 66.09
57363, 66.04
57423, 66.04
57483, 66.03
57543, 66.02
57603, 65.97
57673, 65.89
57733, 65.84
57793, 65.93
57853, 65.83
57913, 65.95
57973, 65.77
58033, 65.87
58093, 65.79
58153, 65.87
58213, 65.72
58273, 65.77
58333, 65.74
58393, 65.71
58453, 65.67
58513, 65.59
58573, 65.70
58633, 65.61
58693, 65.64
58753, 65.64
58813, 65.60
58873, 65.60
58933, 65.57
58993, 65.46
59053, 65.48
59113, 65.49
59173, 65.46
59233, 65.48
59293, 65.42
59353, 65.33
59413, 65.43
59473, 65.43
59533, 65.37
59593, 65.37
59653, 65.34
59713, 65.31
59773, 65.25
59833, 65.29
59893, 65.22
59953, 65.27
60013, 65.20
60073, 65.17
60133, 65.22
60193, 65.19
60253, 65.22
60313, 65.12
60373, 65.08
60433, 65.10
60493, 65.05
60553, 65.04
60613, 64.98
60673, 64.98
60733, 64.99
60793, 64.94
60853, 64.92
60913, 64.88
60973, 64.93
61033, 64.86
61093, 64.90
61153, 64.92
61213, 64.82
61273, 64.77
61333, 64.80
61393, 64.81
61453, 64.74
61513, 64.86
61573, 64.65
61633, 64.67
61693, 64.57
61753, 64.63
61813, 64.56
61873, 64.64
61933, 64.60
61993, 64.61
62053, 64.53
62113, 64.59
62173, 64.57
62233, 64.48
62293, 64.50
62353, 64.52
62413, 64.44
62473, 64.38
62533, 64.32
62593, 64.36
62653, 64.36
62713, 64.30
62773, 64.31
62833, 64.26
62893, 64.26
62953, 64.25
63013, 64.24
63073, 64.19
63133, 64.24
63193, 64.08
63253, 64.20
63313, 64.06
63373, 64.15
63433, 64.19
63493, 64.04
63553, 63.98
63613, 64.00
63673, 63.96
63733, 64.01
63793, 63.92
63853, 63.94
63913, 63.96
63973, 63.91
64033, 63.84
64093, 63.85
64153, 63.80
64213, 63.83
64273, 63.80
64333, 63.73
64393, 63.72
64453, 63.65
64513, 63.56
64573, 63.67
64633, 63.69
64693, 63.49
64753, 63.55
64813, 63.57
64873, 63.50
64933, 63.50
64993, 63.48
65053, 63.41
65113, 63.39
65173, 63.29
65233, 63.26
65293, 63.17
65353, 63.35
65413, 63.30
65473, 63.17
65533, 63.21
65593, 63.23
65653, 63.12
65713, 62.96
65773, 63.07
65833, 63.12
65893, 62.91
65953, 62.93
66013, 62.95
66073, 62.90
66133, 62.86
66193, 62.88
66253, 62.71
66313, 62.67
66373, 62.87
66433, 62.75
66493, 62.71
66553, 62.64
66613, 62.71
66673, 62.62
66733, 62.62
66793, 62.56
66853, 62.48
66913, 62.48
66973, 62.47
67033, 62.42
67093, 62.40
67153, 62.49
67213, 62.39
67273, 62.45
67333, 62.40
67393, 62.32
67453, 62.32
67513, 62.29
67573, 62.31
67633, 62.36
67693, 62.34
67753, 62.29
67813, 62.26
67873, 62.32
67933, 62.21
67993, 62.15
68053, 62.20
68113, 62.20
68173, 62.21
68233, 62.14
68293, 62.06
68353, 62.12
68413, 62.12
68473, 62.14
68533, 62.08
68593, 62.05
68653, 62.04
68713, 62.10
68773, 62.05
68833, 62.03
68893, 61.91
68953, 61.98
69013, 61.97
69073, 61.96
69133, 62.03
69193, 61.92
69253, 61.95
69313, 61.89
69373, 61.85
69433, 61.93
69493, 61.85
69553, 61.90
69613, 61.78
69673, 61.82
69733, 61.79
69793, 61.72
69853, 61.76
69913, 61.79
69973, 61.74
70033, 61.74
70093, 61.75
70153, 61.77
70213, 61.70
70273, 61.60
70333, 61.68
70393, 61.60
70453, 61.61
70513, 61.62
70573, 61.60
70633, 61.60
70693, 61.55
70753, 61.50
70813, 61.46
70873, 61.47
70933, 61.55
70993, 61.47
71053, 61.29
71113, 61.41
71173, 61.40
71233, 61.41
71293, 61.38
71353, 61.47
71413, 61.31
71473, 61.41
71533, 61.35
71593, 61.28
71653, 61.31
71713, 61.24
71773, 61.26
71833, 61.14
71893, 61.17
71953, 61.16
72013, 61.15
72073, 61.07
72133, 61.14
72193, 61.15
72253, 61.13
72313, 61.03
72373, 61.09
72433, 61.01
72493, 61.01
72553, 61.05
72613, 60.95
72673, 60.94
72733, 60.92
72793, 60.86
72853, 60.96
72913, 60.93
72973, 60.82
73033, 60.77
73093, 60.88
73153, 60.89
73213, 60.97
73273, 60.77
73333, 60.81
73393, 60.81
73453, 60.88
73513, 60.77
73573, 60.76
73633, 60.80
73693, 60.70
73753, 60.59
73813, 60.78
73873, 60.59
73933, 60.58
73993, 60.54
74053, 60.55
74113, 60.45
74173, 60.51
74233, 60.52
74293, 60.42
74353, 60.38
74413, 60.41
74473, 60.33
74533, 60.45
74593, 60.40
74653, 60.36
74713, 60.34
74773, 60.25
74833, 60.34
74893, 60.23
74953, 60.26
75013, 60.29
75073, 60.24
75133, 60.21
75193, 60.07
75253, 60.10
75313, 60.04
75373, 60.07
75433, 60.11
75493, 60.07
75553, 60.02
75613, 59.99
75673, 59.98
75733, 60.01
75793, 59.97
75853, 59.96
75913, 59.97
75973, 59.94
76033, 59.91
76093, 59.86
76153, 59.88
76213, 59.79
76273, 59.88
76333, 59.83
76393, 59.84
76453, 59.77
76513, 59.81
76583, 59.75
76643, 59.70
76703, 59.75
76763, 59.64
76823, 59.72
76883, 59.62
76943, 59.68
77003, 59.66
77063, 59.63
77123, 59.59
77183, 59.61
77243, 59.51
77303, 59.55
77363, 59.57
77423, 59.50
77483, 59.48
77543, 59.57
77603, 59.47
77663, 59.42
77723, 59.41
77783, 59.45
77843, 59.39
77903, 59.44
77963, 59.41
78023, 59.34
78083, 59.29
78143, 59.37
78203, 59.28
78263, 59.37
78323, 59.25
78383, 59.24
78443, 59.12
78503, 59.19
78563, 59.20
78623, 59.15
78683, 59.12
78743, 59.10
78803, 59.05
78863, 59.07
78923, 59.14
78983, 59.07
79043, 59.02
79103, 59.06
79163, 59.06
79223, 59.04
79283, 58.92
79343, 58.97
79403, 59.08
79463, 58.97
79523, 58.92
79583, 58.94
79643, 58.83
79703, 58.84
79763, 58.92
79823, 58.80
79883, 58.81
79943, 58.81
80003, 58.85
80063, 58.73
80123, 58.77
80183, 58.76
80243, 58.68
80303, 58.65
80363, 58.64
80423, 58.63
80483, 58.58
80543, 58.60
80603, 58.62
80663, 58.51
80723, 58.56
80783, 58.55
80843, 58.59
80903, 58.49
80963, 58.57
81023, 58.46
81083, 58.48
81143, 58.43
81203, 58.43
81263, 58.39
81323, 58.45
81383, 58.40
81443, 58.37
81503, 58.36
81563, 58.29
81623, 58.25
81683, 58.40
81743, 58.28
81803, 58.28
81863, 58.22
81923, 58.32
81983, 58.20
82043, 58.16
82103, 58.23
82163, 58.21
82223, 58.17
82283, 58.15
82343, 58.13
82403, 58.09
82463, 58.07
82523, 58.03
82583, 57.98
82643, 58.05
82703, 58.10
82763, 58.05
82823, 57.98
82883, 57.99
82943, 58.04
83003, 57.93
83063, 57.93
83123, 57.90
83183, 57.93
83243, 57.81
83303, 57.82
83363, 57.81
83423, 57.83
83483, 57.87
83543, 57.77
83603, 57.78
83663, 57.76
83723, 57.80
83783, 57.74
83843, 57.64
83903, 57.75
83963, 57.77
84023, 57.68
84083, 57.76
84143, 57.64
84203, 57.59
84263, 57.61
84323, 57.56
84383, 57.54
84443, 57.46
84503, 57.60
84563, 57.51
84623, 57.52
84683, 57.49
84743, 57.56
84803, 57.40
84863, 57.38
84923, 57.38
84983, 57.38
85043, 57.33
85103, 57.28
85163, 57.34
85223, 57.29
85283, 57.28
85343, 57.24
85403, 57.31
85463, 57.07
85523, 57.20
85583, 57.10
85643, 57.13
85703, 57.25
85763, 57.09
85823, 57.11
85883, 57.15
85943, 57.09
86003, 57.13
86063, 57.10
86123, 57.02
86183, 57.06
86243, 56.99
86303, 56.95
86363, 56.99
86423, 57.05
86483, 56.88
86543, 56.89
86603, 56.91
86663, 56.85
86723, 56.86
86783, 56.81
86843, 56.82
86903, 56.80
86963, 56.77
87023, 56.79
87083, 56.74
87143, 56.73
87203, 56.72
87263, 56.64
87323, 56.75
87383, 56.67
87443, 56.70
87503, 56.70
87563, 56.56
87623, 56.59
87683, 56.61
87743, 56.60
87803, 56.52
87863, 56.55
87923, 56.58
87983, 56.45
88043, 56.55
88103, 56.44
88163, 56.47
88223, 56.45
88283, 56.44
88343, 56.47
88403, 56.37
88463, 56.39
88523, 56.43
88583, 56.36
88643, 56.32
88703, 56.24
88763, 56.39
88823, 56.34
88883, 56.26
88943, 56.17
89003, 56.16
89063, 56.27
89123, 56.27
89183, 56.20
89243, 56.18
89303, 56.20
89363, 56.20
89423, 56.17
89483, 56.13
89543, 56.09
89603, 56.18
89663, 56.05
89723, 56.10
89783, 56.00
89843, 56.04
89903, 56.05
89963, 56.01
90023, 55.92
90083, 55.93
90143, 55.97
90203, 55.99
90263, 55.95
90323, 55.95
90383, 55.93
90443, 55.84
90503, 55.85
90563, 55.89
90623, 55.86
90683, 55.82
90743, 55.79
90803, 55.83
90863, 55.79
90923, 55.78
90983, 55.79
91043, 55.76
91103, 55.79
91163, 55.68
91223, 55.69
91283, 55.64
91343, 55.64
91403, 55.71
91463, 55.64
91523, 55.63
91583, 55.56
91643, 55.49
91703, 55.52
91763, 55.52
91823, 55.58
91883, 55.55
91943, 55.49
92003, 55.53
92063, 55.46
92123, 55.42
92183, 55.43
92243, 55.47
92303, 55.34
92363, 55.42
92423, 55.44
92483, 55.32
92543, 55.36
92603, 55.33
92663, 55.30
92723, 55.30
92783, 55.27
92843, 55.25
92903, 55.22
92963, 55.20
93023, 55.29
93083, 55.27
93143, 55.12
93203, 55.20
93263, 55.18
93323, 55.18
93383, 55.12
93443, 55.09
93503, 55.06
93563, 55.06
93623, 55.10
93683, 55.06
93743, 55.05
93803, 55.04
93863, 55.05
93923, 55.02
93983, 54.95
94043, 54.99
94103, 54.87
94163, 54.86
94223, 54.94
94283, 54.83
94343, 54.91
94403, 54.81
94463, 54.83
94523, 54.88
94583, 54.76
94643, 54.81
94703, 54.83
94763, 54.78
94823, 54.77
94883, 54.81
94943, 54.77
95003, 54.70
95063, 54.76
95123, 54.76
95183, 54.68
95243, 54.71
95303, 54.58
95363, 54.65
95423, 54.59
95493, 54.57
95553, 54.62
95613, 54.60
95673, 54.49
95733, 54.46
95793, 54.56
95853, 54.56
95913, 54.56
95973, 54.51
96033, 54.46
96093, 54.45
96153, 54.42
96213, 54.47
96273, 54.47
96333, 54.38
96393, 54.41
96453, 54.39
96513, 54.36
96573, 54.22
96633, 54.23
96693, 54.26
96753, 54.33
96813, 54.25
96873, 54.26
96933, 54.27
96993, 54.24
97053, 54.26
97113, 54.15
97173, 54.15
97233, 54.17
97293, 54.10
97353, 54.11
97413, 54.22
97473, 54.04
97533, 54.01
97593, 54.05
97653, 54.03
97713, 54.00
97773, 54.05
97833, 53.99
97893, 53.96
97953, 53.98
98013, 53.94
98073, 53.94
98133, 53.91
98193, 53.85
98253, 53.83
98313, 53.88
98373, 53.82
98433, 53.86
98493, 53.81
98553, 53.86
98613, 53.76
98673, 53.81
98733, 53.76
98793, 53.73
98853, 53.77
98913, 53.72
98973, 53.76
99033, 53.72
99093, 53.67
99153, 53.58
99213, 53.62
99273, 53.57
99333, 53.61
99393, 53.59
99453, 53.52
99513, 53.45
99573, 53.49
99633, 53.53
99693, 53.54
99753, 53.35
99813, 53.34
99873, 53.43
99933, 53.44
99993, 53.42
100053, 53.44
100113, 53.38
100173, 53.37
100233, 53.33
100293, 53.34
100353, 53.32
100413, 53.34
100473, 53.33
100533, 53.38
100593, 53.35
100653, 53.23
100713, 53.18
100773, 53.27
100833, 53.28
100893, 53.28
100953, 53.21
101013, 53.22
101073, 53.14
101133, 53.17
101193, 53.16
101253, 53.11
101313, 53.05
101373, 53.07
101433, 53.08
101493, 53.15
101553, 53.06
101613, 53.03
101673, 53.01
101733, 52.98
101793, 52.96
101853, 52.99
101913, 53.02
101973, 53.07
102033, 53.03
102093, 52.92
102153, 52.87
102213, 52.89
102273, 52.90
102333, 52.87
102393, 52.92
102453, 52.85
102513, 52.86
102573, 52.84
102633, 52.84
102693, 52.79
102753, 52.77
102813, 52.74
102873, 52.77
102933, 52.75
102993, 52.72
103053, 52.73
103113, 52.61
103173, 52.67
103233, 52.67
103293, 52.68
103353, 52.61
103413, 52.56
103473, 52.61
103533, 52.71
103593, 52.63
103653, 52.57
103713, 52.54
103773, 52.51
103833, 52.50
103893, 52.42
103953, 52.57
104013, 52.46
104073, 52.50
104133, 52.47
104193, 52.49
104253, 52.48
104313, 52.44
104373, 52.41
104433, 52.43
104493, 52.32
104553, 52.43
104613, 52.35
104673, 52.35
104733, 52.31
104793, 52.38
104853, 52.25
104913, 52.33
104973, 52.33
105033, 52.24
105093, 52.09
105153, 52.14
105213, 52.20
105273, 52.17
105333, 52.22
105393, 52.22
105453, 52.18
105513, 52.21
105573, 52.13
105633, 52.17
105693, 52.09
105753, 52.05
105813, 52.14
105873, 52.09
105933, 51.99
105993, 52.00
106053, 51.98
106113, 51.95
106173, 51.96
106233, 51.91
106293, 51.87
106353, 51.93
106413, 51.88
106473, 51.88
106533, 51.77
106593, 51.92
106653, 51.85
106713, 51.85
106773, 51.92
106833, 51.85
106893, 51.84
106953, 51.77
107013, 51.75
107073, 51.66
107133, 51.74
107193, 51.69
107253, 51.73
107313, 51.73
107373, 51.79
107433, 51.71
107493, 51.77
107553, 51.72
107613, 51.66
107673, 51.63
107733, 51.65
107793, 51.65
107853, 51.67
107913, 51.58
107973, 51.58
108033, 51.49
108093, 51.56
108153, 51.55
108213, 51.56
108273, 51.47
108333, 51.47
108393, 51.61
108453, 51.51
108513, 51.50
108573, 51.49
108633, 51.49
108693, 51.41
108753, 51.39
108813, 51.43
108873, 51.33
108933, 51.38
108993, 51.42
109053, 51.45
109113, 51.42
109173, 51.29
109233, 51.27
109293, 51.33
109353, 51.25
109413, 51.21
109473, 51.28
109533, 51.25
109593, 51.26
109653, 51.20
109713, 51.26
109773, 51.08
109833, 51.04
109893, 51.13
109953, 51.15
110013, 51.11
110073, 51.09
110133, 51.06
110193, 51.17
110253, 51.07
110313, 51.01
110373, 50.97
110433, 51.01
110493, 51.09
110553, 50.94
110613, 50.97
110673, 50.93
110733, 50.96
110793, 50.94
110853, 50.86
110913, 50.91
110973, 50.83
111033, 50.83
111093, 50.81
111153, 50.86
111213, 50.77
111273, 50.86
111333, 50.78
111393, 50.84
111453, 50.86
111513, 50.82
111573, 50.69
111633, 50.78
111693, 50.72
111753, 50.69
111813, 50.60
111873, 50.63
111933, 50.71
111993, 50.53
112053, 50.70
112113, 50.64
112173, 50.52
112233, 50.65
112293, 50.59
112353, 50.52
112413, 50.44
112473, 50.50
112533, 50.50
112593, 50.51
112653, 50.46
112713, 50.49
112773, 50.50
112833, 50.39
112893, 50.31
112953, 50.46
113013, 50.37
113073, 50.40
113133, 50.31
113193, 50.41
113253, 50.27
113313, 50.37
113383, 50.26
113443, 50.28
113503, 50.25
113563, 50.19
113623, 50.28
113683, 50.17
113743, 50.25
113803, 50.30
113863, 50.24
113923, 50.16
113983, 50.22
114043, 50.22
114103, 50.13
114163, 50.13
114223, 50.12
114283, 50.08
114343, 50.02
114403, 50.03
114463, 50.05
114523, 50.05
114583, 50.08
114643, 50.01
114703, 50.04
114763, 50.00
114823, 49.93
114883, 49.94
114943, 49.96
115003, 49.93
115063, 49.95
115123, 49.94
115183, 49.92
115243, 49.90
115303, 49.85
115363, 49.91
115423, 49.79
115483, 49.79
115543, 49.83
115603, 49.83
115663, 49.81
115723, 49.86
115783, 49.76
115843, 49.80
115903, 49.76
115963, 49.74
116023, 49.69
116083, 49.67
116143, 49.74
116203, 49.63
116263, 49.71
116323, 49.60
116383, 49.61
116443, 49.69
116503, 49.63
116563, 49.64
116623, 49.55
116683, 49.70
116743, 49.56
116803, 49.59
116863, 49.53
116923, 49.51
116983, 49.55
117043, 49.53
117103, 49.53
117163, 49.54
117223, 49.51
117283, 49.50
117343, 49.49
117403, 49.38
117463, 49.42
117523, 49.45
117583, 49.35
117643, 49.39
117703, 49.37
117763, 49.33
117823, 49.42
117883, 49.29
117943, 49.28
118003, 49.30
118063, 49.33
118123, 49.28
118183, 49.26
118243, 49.23
118303, 49.13
118363, 49.27
118423, 49.25
118483, 49.20
118543, 49.25
118603, 49.14
118663, 49.14
118723, 49.12
118783, 49.08
118843, 49.16
118903, 49.15
118963, 49.16
119023, 49.02
119083, 49.04
119143, 49.02
119203, 49.07
119263, 49.03
119323, 49.08
119383, 48.98
119443, 49.02
119503, 49.04
119563, 48.97
119623, 48.92
119683, 48.92
119743, 48.83
119803, 48.86
119863, 48.94
119923, 48.85
119983, 48.90
120043, 48.83
120103, 48.85
120163, 48.87
120223, 48.86
120283, 48.92
120343, 48.81
120403, 48.72
120463, 48.73
120523, 48.79
120583, 48.74
120643, 48.74
120703, 48.68
120763, 48.61
120823, 48.74
120883, 48.69
120943, 48.66
121003, 48.65
121063, 48.69
121123, 48.67
121183, 48.56
121243, 48.56
121303, 48.65
121363, 48.57
121423, 48.59
121483, 48.54
121543, 48.55
121603, 48.56
121663, 48.57
121723, 48.53
121783, 48.42
121843, 48.50
121903, 48.43
121963, 48.39
122023, 48.44
122083, 48.38
122143, 48.47
122203, 48.37
122263, 48.36
122323, 48.44
122383, 48.38
122443, 48.36
122503, 48.34
122563, 48.36
122623, 48.31
122683, 48.29
122743, 48.40
122803, 48.27
122863, 48.18
122923, 48.23
122983, 48.10
123043, 48.20
123103, 48.24
123163, 48.14
123223, 48.12
123283, 48.22
123343, 48.24
123403, 48.13
123463, 48.09
123523, 48.09
123583, 48.06
123643, 48.13
123703, 48.08
123763, 48.00
123823, 48.04
123883, 48.06
123943, 47.97
124003, 48.02
124063, 48.07
124123, 48.01
124183, 48.05
124243, 47.96
124303, 47.85
124363, 47.95
124423, 47.85
124483, 47.93
124543, 47.96
124603, 47.95
124663, 47.90
124723, 47.87
124783, 47.89
124843, 47.87
124903, 47.83
124963, 47.83
125023, 47.91
125083, 47.88
125143, 47.83
125203, 47.78
125263, 47.84
125323, 47.78
125383, 47.79
125443, 47.73
125503, 47.80
125563, 47.69
125623, 47.75
125683, 47.66
125743, 47.70
125803, 47.59
125863, 47.62
125923, 47.61
125983, 47.59
126043, 47.68
126103, 47.67
126163, 47.54
126223, 47.56
126283, 47.59
126343, 47.47
126403, 47.52
126463, 47.57
126523, 47.54
126583, 47.51
126643, 47.53
126703, 47.50
126763, 47.46
126823, 47.44
126883, 47.41
126943, 47.53
127003, 47.40
127063, 47.34
127123, 47.31
127183, 47.31
127243, 47.31
127303, 47.40
127363, 47.30
127423, 47.29
127483, 47.32
127543, 47.30
127603, 47.20
127663, 47.21
127723, 47.25
127783, 47.25
127843, 47.23
127903, 47.19
127963, 47.20
128023, 47.17
128083, 47.20
128143, 47.18
128203, 47.11
128263, 47.12
128323, 47.03
128383, 47.06
128443, 47.14
128503, 47.09
128563, 47.01
128623, 47.03
128683, 47.01
128743, 47.01
128803, 47.08
128863, 47.01
128923, 47.02
128983, 46.99
129043, 46.96
129103, 46.92
129163, 46.85
129223, 46.87
129283, 46.90
129343, 46.88
129403, 46.90
129463, 46.87
129523, 46.86
129583, 46.85
129643, 46.75
129703, 46.76
129763, 46.77
129823, 46.89
129883, 46.85
129943, 46.81
130003, 46.85
130063, 46.74
130123, 46.76
130183, 46.77
130243, 46.68
130303, 46.65
130363, 46.63
130423, 46.68
130483, 46.64
130543, 46.69
130603, 46.72
130663, 46.62
130723, 46.65
130783, 46.55
130843, 46.65
130903, 46.56
130973, 46.58
131033, 46.64
131093, 46.57
131153, 46.58
131213, 46.52
131273, 46.56
131333, 46.60
131393, 46.50
131453, 46.52
131513, 46.52
131573, 46.41
131633, 46.47
131693, 46.48
131753, 46.48
131813, 46.49
131873, 46.39
131933, 46.38
131993, 46.44
132053, 46.37
132113, 46.42
132173, 46.34
132233, 46.33
132293, 46.31
132353, 46.34
132413, 46.36
132473, 46.29
132533, 46.35
132593, 46.19
132653, 46.31
132713, 46.34
132773, 46.23
132833, 46.19
132893, 46.21
132953, 46.15
133013, 46.29
133073, 46.17
133133, 46.19
133193, 46.14
133253, 46.16
133313, 46.06
133373, 46.18
133433, 46.13
133493, 46.17
133553, 46.15
133613, 46.07
133673, 46.09
133733, 46.07
133793, 46.07
133853, 46.11
133913, 46.01
133973, 46.01
134033, 46.01
134093, 45.98
134153, 45.99
134213, 45.97
134273, 45.94
134333, 45.97
134393, 46.00
134453, 45.88
134513, 45.91
134573, 45.88
134633, 45.89
134693, 45.92
134753, 45.80
134813, 45.80
134873, 45.85
134933, 45.87
134993, 45.82
135053, 45.78
135113, 45.81
135173, 45.74
135233, 45.69
135293, 45.68
135353, 45.72
135413, 45.73
135473, 45.69
135533, 45.74
135593, 45.59
135653, 45.64
135713, 45.62
135773, 45.61
135833, 45.70
135893, 45.66
135953, 45.63
136013, 45.57
136073, 45.62
136133, 45.55
136193, 45.67
136253, 45.55
136313, 45.55
136373, 45.58
136433, 45.55
136493, 45.52
136553, 45.48
136613, 45.53
136673, 45.47
136733, 45.43
136793, 45.36
136853, 45.53
136913, 45.40
136973, 45.45
137033, 45.46
137093, 45.41
137153, 45.45
137213, 45.42
137273, 45.35
137333, 45.32
137393, 45.32
137453, 45.38
137513, 45.34
137573, 45.30
137633, 45.30
137693, 45.30
137753, 45.23
137813, 45.31
137873, 45.28
137933, 45.29
137993, 45.31
138053, 45.19
138113, 45.20
138173, 45.19
138233, 45.26
138293, 45.13
138353, 45.17
138413, 45.10
138473, 45.20
138533, 45.14
138593, 45.16
138653, 45.15
138713, 45.15
138773, 45.12
138833, 45.10
138893, 45.04
138953, 44.98
139013, 45.04
139073, 45.05
139133, 45.06
139193, 45.04
139253, 45.04
139313, 45.01
139373, 45.06
139433, 45.03
139493, 44.95
139553, 44.96
139613, 44.96
139673, 44.87
139733, 44.99
139793, 44.96
139853, 44.84
139913, 44.92
139973, 44.87
140033, 44.89
140093, 44.87
140153, 44.88
140213, 44.81
140273, 44.86
140333, 44.82
140393, 44.81
140453, 44.76
140513, 44.83
140573, 44.84
140633, 44.71
140693, 44.79
140753, 44.78
140813, 44.68
140873, 44.71
140933, 44.81
140993, 44.74
141053, 44.77
141113, 44.69
141173, 44.73
141233, 44.61
141293, 44.69
141353, 44.63
141413, 44.67
141473, 44.56
141533, 44.59
141593, 44.67
141653, 44.61
141713, 44.57
141773, 44.62
141833, 44.61
141893, 44.52
141953, 44.58
142013, 44.55
142073, 44.49
142133, 44.51
142193, 44.50
142253, 44.42
142313, 44.50
142373, 44.45
142433, 44.42
142493, 44.43
142553, 44.44
142613, 44.36
142673, 44.41
142733, 44.44
142793, 44.46
142853, 44.32
142913, 44.30
142973, 44.36
143033, 44.29
143093, 44.36
143153, 44.32
143213, 44.28
143273, 44.18
143333, 44.28
143393, 44.18
143453, 44.25
143513, 44.16
143573, 44.19
143633, 44.20
143693, 44.07
143753, 44.19
143813, 44.10
143873, 44.08
143933, 44.13
143993, 44.07
144053, 44.19
144113, 44.07
144173, 44.09
144233, 44.05
144293, 44.03
144353, 44.08
144413, 44.07
144473, 44.02
144533, 44.06
144593, 44.04
144653, 43.98
144713, 43.98
144773, 43.93
144833, 43.97
144893, 44.00
144953, 43.96
145013, 43.86
145073, 43.95
145133, 43.87
145193, 43.89
145253, 43.88
145313, 43.93
145373, 43.82
145433, 43.97
145493, 43.75
145553, 43.84
145613, 43.79
145673, 43.76
145733, 43.76
145793, 43.66
145853, 43.78
145913, 43.77
145973, 43.80
146033, 43.76
146093, 43.78
146153, 43.75
146213, 43.62
146273, 43.77
146333, 43.68
146393, 43.69
146453, 43.68
146513, 43.59
146573, 43.71
146633, 43.67
146693, 43.61
146753, 43.63
146813, 43.57
146873, 43.62
146933, 43.60
146993, 43.56
147053, 43.56
147113, 43.54
147173, 43.49
147233, 43.49
147293, 43.51
147353, 43.52
147413, 43.50
147473, 43.55
147533, 43.40
147593, 43.41
147653, 43.43
147713, 43.46
147773, 43.40
147833, 43.50
147893, 43.41
147953, 43.38
148013, 43.39
148073, 43.38
148133, 43.36
148193, 43.37
148253, 43.35
148313, 43.37
148373, 43.31
148433, 43.36
148503, 43.27
148563, 43.27
148623, 43.26
148683, 43.24
148743, 43.25
148803, 43.24
148863, 43.25
148923, 43.25
148983, 43.27
149043, 43.23
149103, 43.25
149163, 43.22
149223, 43.26
149283, 43.14
149343, 43.18
149403, 43.16
149463, 43.18
149523, 43.20
149583, 43.16
149643, 43.14
149703, 43.16
149763, 43.12
149823, 43.11
149883, 43.20
149943, 43.09
150003, 43.07
150063, 43.12
150123, 43.01
150183, 43.07
150243, 43.02
150303, 43.04
150363, 42.97
150423, 43.03
150483, 43.06
150543, 42.94
150603, 43.01
150663, 42.96
150723, 43.04
150783, 42.90
150843, 42.92
150903, 43.00
150963, 42.94
151023, 42.96
151083, 42.90
151143, 42.85
151203, 42.82
151263, 42.90
151323, 42.85
151383, 42.81
151443, 42.83
151503, 42.80
151563, 42.85
151623, 42.71
151683, 42.81
151743, 42.81
151803, 42.84
151863, 42.77
151923, 42.84
151983, 42.78
152043, 42.75
152103, 42.73
152163, 42.69
152223, 42.72
152283, 42.73
152343, 42.70
152403, 42.66
152463, 42.65
152523, 42.59
152583, 42.57
152643, 42.64
152703, 42.55
152763, 42.57
152823, 42.61
152883, 42.59
152943, 42.59
153003, 42.55
153063, 42.54
153123, 42.52
153183, 42.58
153243, 42.54
153303, 42.57
153363, 42.58
153423, 42.44
153483, 42.51
153543, 42.38
153603, 42.48
153663, 42.35
153723, 42.44
153783, 42.43
153843, 42.45
153903, 42.36
153963, 42.36
154023, 42.43
154083, 42.30
154143, 42.39
154203, 42.36
154263, 42.31
154323, 42.33
154383, 42.28
154443, 42.30
154503, 42.34
154563, 42.27
154623, 42.28
154683, 42.20
154743, 42.17
154803, 42.20
154863, 42.17
154923, 42.27
154983, 42.22
155043, 42.12
155103, 42.15
155163, 42.26
155223, 42.11
155283, 42.15
155343, 42.10
155403, 42.19
155463, 42.11
155523, 42.07
155583, 42.06
155643, 42.08
155703, 42.12
155763, 42.08
155823, 42.09
155883, 42.06
155943, 42.13
156003, 42.05
156063, 41.98
156123, 41.98
156183, 42.02
156243, 42.00
156303, 42.02
156363, 41.97
156423, 41.94
156483, 41.97
156543, 41.96
156603, 41.90
156663, 41.87
156723, 41.94
156783, 41.94
156843, 41.89
156903, 41.83
156963, 41.88
157023, 41.83
157083, 41.93
157143, 41.93
157203, 41.84
157263, 41.88
157323, 41.86
157383, 41.83
157443, 41.88
157503, 41.82
157563, 41.68
157623, 41.82
157683, 41.73
157743, 41.72
157803, 41.70
157863, 41.73
157923, 41.80
157983, 41.69
158043, 41.71
158103, 41.67
158163, 41.66
158223, 41.70
158283, 41.60
158343, 41.76
158403, 41.69
158463, 41.55
158523, 41.65
158583, 41.60
158643, 41.62
158703, 41.64
158763, 41.61
158823, 41.63
158883, 41.52
158943, 41.40
159003, 41.53
159063, 41.55
159123, 41.53
159183, 41.53
159243, 41.51
159303, 41.51
159363, 41.44
159423, 41.46
159483, 41.52
159543, 41.48
159603, 41.39
159663, 41.45
159723, 41.47
159783, 41.41
159843, 41.41
159903, 41.40
159963, 41.38
160023, 41.39
160083, 41.33
160143, 41.38
160203, 41.40
160263, 41.36
160323, 41.35
160383, 41.34
160443, 41.31
160503, 41.42
160563, 41.24
160623, 41.31
160683, 41.28
160743, 41.25
160803, 41.31
160863, 41.17
160923, 41.25
160983, 41.30
161043, 41.26
161103, 41.23
161163, 41.17
161223, 41.15
161283, 41.19
161343, 41.18
161403, 41.17
161463, 41.18
161523, 41.19
161583, 41.12
161643, 41.12
161703, 41.16
161763, 41.09
161823, 41.06
161883, 41.04
161943, 40.99
162003, 41.02
162063, 40.97
162123, 40.97
162183, 41.03
162243, 41.03
162303, 41.02
162363, 40.95
162423, 41.01
162483, 40.98
162543, 40.94
162603, 40.91
162663, 40.84
162723, 40.89
162783, 40.88
162843, 40.88
162903, 40.90
162963, 40.85
163023, 40.86
163083, 40.76
163143, 40.82
163203, 40.84
163263, 40.76
163323, 40.68
163383, 40.81
163443, 40.77
163503, 40.84
163563, 40.76
163623, 40.75
163683, 40.76
163743, 40.69
163803, 40.61
163863, 40.77
163923, 40.75
163983, 40.73
164043, 40.76
164103, 40.73
164163, 40.62
164223, 40.59
164283, 40.65
164343, 40.66
164403, 40.64
164463, 40.60
164523, 40.61
164583, 40.58
164643, 40.58
164703, 40.63
164763, 40.51
164823, 40.53
164883, 40.52
164943, 40.54
165003, 40.51
165063, 40.51
165123, 40.57
165183, 40.58
165243, 40.55
165303, 40.42
165363, 40.49
165423, 40.49
165483, 40.52
165543, 40.44
165603, 40.41
165663, 40.34
165723, 40.44
165783, 40.36
165843, 40.40
165903, 40.36
165963, 40.37
166023, 40.33
166093, 40.34
166153, 40.34
166213, 40.36
166273, 40.36
166333, 40.29
166393, 40.29
166453, 40.29
166513, 40.32
166573, 40.22
166633, 40.24
166693, 40.26
166753, 40.23
166813, 40.19
166873, 40.31
166933, 40.23
166993, 40.20
167053, 40.24
167113, 40.22
167173, 40.21
167233, 40.11
167293, 40.13
167353, 40.15
167413, 40.15
167473, 40.15
167533, 40.00
167593, 40.14
167653, 40.20
167713, 40.12
167773, 40.10
167833, 40.10
167893, 40.00
167953, 40.06
168013, 40.01
168073, 39.98
168133, 40.05
168193, 39.96
168253, 40.03
168313, 40.02
168373, 40.01
168433, 40.00
168493, 39.90
168553, 39.92
168613, 39.97
168673, 40.05
168733, 40.00
168793, 39.94
168853, 40.02
168913, 39.85
168973, 39.97
169033, 39.87
169093, 39.88
169153, 39.86
169213, 39.84
169273, 39.86
169333, 39.87
169393, 39.88
169453, 39.84
169513, 39.83
169573, 39.80
169633, 39.81
169693, 39.83
169753, 39.80
169813, 39.85
169873, 39.81
169933, 39.71
169993, 39.80
170053, 39.73
170113, 39.75
170173, 39.75
170233, 39.80
170293, 39.72
170353, 39.65
170413, 39.69
170473, 39.71
170533, 39.66
170593, 39.67
170653, 39.62
170713, 39.50
170773, 39.61
170833, 39.62
170893, 39.62
170953, 39.63
171013, 39.55
171073, 39.54
171133, 39.64
171193, 39.55
171253, 39.60
171313, 39.61
171373, 39.54
171433, 39.49
171493, 39.56
171553, 39.53
171613, 39.56
171673, 39.45
171733, 39.51
171793, 39.53
171853, 39.50
171913, 39.42
171973, 39.47
172033, 39.46
172093, 39.35
172153, 39.42
172213, 39.35
172273, 39.45
172333, 39.41
172393, 39.42
172453, 39.37
172513, 39.37
172573, 39.37
172633, 39.40
172693, 39.37
172753, 39.30
172813, 39.37
172873, 39.31
172933, 39.31
172993, 39.34
173053, 39.31
173113, 39.27
173173, 39.18
173233, 39.28
173293, 39.25
173353, 39.26
173413, 39.35
173473, 39.28
173533, 39.16
173593, 39.22
173653, 39.19
173713, 39.26
173773, 39.13
173833, 39.20
173893, 39.20
173953, 39.23
174013, 39.21
174073, 39.15
174133, 39.12
174193, 39.11
174253, 39.06
174313, 39.07
174373, 39.09
174433, 39.06
174493, 39.10
174553, 39.06
174613, 39.09
174673, 39.01
174733, 38.98
174793, 38.95
174853, 38.97
174913, 39.01
174973, 39.01
175033, 38.93
175093, 39.01
175153, 38.95
175213, 38.93
175273, 38.99
175333, 39.01
175393, 38.88
175453, 39.00
175513, 38.91
175573, 38.91
175633, 38.92
175693, 38.86
175753, 38.93
175813, 38.78
175873, 38.94
175933, 38.88
175993, 38.84
176053, 38.84
176113, 38.87
176173, 38.83
176233, 38.82
176293, 38.83
176353, 38.83
176413, 38.69
176473, 38.80
176533, 38.84
176593, 38.82
176653, 38.81
176713, 38.77
176773, 38.76
176833, 38.69
176893, 38.70
176953, 38.74
177013, 38.73
177073, 38.66
177133, 38.67
177193, 38.71
177253, 38.72
177313, 38.70
177373, 38.73
177433, 38.70
177493, 38.70
177553, 38.62
177613, 38.62
177673, 38.62
177733, 38.67
177793, 38.59
177853, 38.56
177913, 38.68
177973, 38.50
178033, 38.56
178093, 38.57
178153, 38.56
178213, 38.52
178273, 38.59
178333, 38.55
178393, 38.55
178453, 38.57
178513, 38.45
178573, 38.53
178633, 38.53
178693, 38.44
178753, 38.43
178813, 38.43
178873, 38.37
178933, 38.44
178993, 38.43
179053, 38.39
179113, 38.41
179173, 38.41
179233, 38.39
179293, 38.32
179353, 38.43
179413, 38.34
179473, 38.36
179533, 38.36
179593, 38.39
179653, 38.31
179713, 38.37
179773, 38.34
179833, 38.34
179893, 38.34
179953, 38.29
