0.927890, 206.440002, 0.097453, 0.115707 
1.027890, 206.440002, 0.097453, 0.115707 
1.127890, 206.440002, 0.097453, 0.115707 
1.227890, 206.440002, 0.097453, 0.115707 
1.327890, 206.440002, 0.097453, 0.115707 
1.427889, 206.440002, 0.097453, 0.115707 
1.527889, 206.440002, 0.097453, 0.115707 
1.627889, 206.440002, 0.097453, 0.115707 
1.727888, 206.440002, 0.097453, 0.115707 
1.827888, 206.440002, 0.097453, 0.115707 
1.927888, 206.440002, 0.097453, 0.115707 
2.027888, 206.440002, 0.097453, 0.115707 
2.127888, 206.440002, 0.097453, 0.115707 
2.227887, 206.440002, 0.097453, 0.115707 
2.327887, 206.440002, 0.097453, 0.115707 
2.427887, 206.217300, 0.097720, 0.115764 
2.527887, 206.440002, 0.097453, 0.115707 
2.627886, 206.440002, 0.097453, 0.115707 
2.727886, 206.440002, 0.097453, 0.115707 
2.827886, 206.440002, 0.097453, 0.115707 
2.927885, 206.440002, 0.097453, 0.115707 
3.027885, 206.440002, 0.097453, 0.115707 
3.127884, 206.440002, 0.097453, 0.115707 
3.227884, 206.440002, 0.097453, 0.115707 
3.327883, 206.440002, 0.097453, 0.115707 
3.427883, 206.440002, 0.097453, 0.115707 
3.527882, 206.440002, 0.097453, 0.115707 
3.627881, 206.440002, 0.097453, 0.115707 
3.727880, 206.217300, 0.097720, 0.115764 
3.829537, 206.440002, 0.097453, 0.115707 
3.929536, 206.440002, 0.097453, 0.115707 
4.029536, 206.440002, 0.097453, 0.115707 
4.129536, 206.440002, 0.097453, 0.115707 
4.229614, 206.440002, 0.097453, 0.115707 
4.329613, 206.440002, 0.097453, 0.115707 
4.429612, 206.217300, 0.097720, 0.115764 
4.529612, 206.440002, 0.097453, 0.115707 
4.629612, 206.440002, 0.097453, 0.115707 
4.729611, 206.217300, 0.097720, 0.115764 
4.829611, 206.440002, 0.097453, 0.115707 
4.929611, 206.440002, 0.097453, 0.115707 
5.030935, 206.440002, 0.097453, 0.115707 
5.130934, 206.440002, 0.097453, 0.115707 
5.230934, 206.440002, 0.097453, 0.115707 
5.330933, 206.440002, 0.097453, 0.115707 
5.431349, 206.440002, 0.097453, 0.115707 
5.531348, 206.217300, 0.097720, 0.115764 
5.631348, 206.440002, 0.097453, 0.115707 
5.732808, 206.440002, 0.097453, 0.115707 
5.832808, 206.440002, 0.097453, 0.115707 
5.932808, 206.440002, 0.097453, 0.115707 
6.032807, 202.542618, 0.097462, 0.115965 
6.132807, 189.594376, 0.097198, 0.116745 
6.232806, 173.132156, 0.098087, 0.117968 
6.332806, 156.953445, 0.098598, 0.118597 
6.432806, 144.619781, 0.098527, 0.119574 
6.536396, 136.910080, 0.099637, 0.120000 
6.636395, 134.646637, 0.099502, 0.119593 
6.736395, 137.810989, 0.099384, 0.119373 
6.836394, 146.122620, 0.099756, 0.119538 
6.936394, 158.078659, 0.098487, 0.118915 
7.036393, 173.962662, 0.097728, 0.117096 
7.136393, 191.812531, 0.097817, 0.116243 
7.241217, 208.880432, 0.097765, 0.115514 
7.341216, 225.971802, 0.099011, 0.115113 
7.441216, 237.020264, 0.098408, 0.113625 
7.541215, 244.909225, 0.098849, 0.114091 
7.641215, 246.409546, 0.098793, 0.113226 
7.741214, 242.983871, 0.097954, 0.113309 
7.841214, 235.418488, 0.098338, 0.113828 
7.941213, 221.936005, 0.097763, 0.115268 
8.041212, 206.044754, 0.097956, 0.115650 
8.141212, 187.941376, 0.097475, 0.116424 
8.241212, 170.072601, 0.098336, 0.118296 
8.341211, 154.102982, 0.098385, 0.118900 
8.441210, 142.198273, 0.099328, 0.119761 
8.541209, 134.075882, 0.099650, 0.119625 
8.641208, 132.487869, 0.099437, 0.119103 
8.741208, 136.124207, 0.099486, 0.119494 
8.841207, 143.729767, 0.098873, 0.119156 
8.941207, 156.652786, 0.098828, 0.118569 
9.041207, 172.153824, 0.097687, 0.117319 
9.141207, 190.172531, 0.098042, 0.116774 
9.241206, 207.732086, 0.097834, 0.115182 
9.341206, 222.449875, 0.098526, 0.115252 
9.441206, 235.418488, 0.098338, 0.113828 
9.542871, 242.404663, 0.098725, 0.113649 
9.642870, 243.735443, 0.098916, 0.113371 
9.742870, 240.370560, 0.098276, 0.113452 
9.842870, 232.245926, 0.098308, 0.114608 
9.943783, 218.990997, 0.097862, 0.115069 
10.043783, 202.492340, 0.097599, 0.115955 
10.143783, 184.751465, 0.097629, 0.117252 
10.243782, 167.009491, 0.098309, 0.118290 
10.343782, 151.841049, 0.099095, 0.118792 
10.443781, 139.006638, 0.099136, 0.119124 
10.543780, 131.552628, 0.099494, 0.119432 
10.647185, 129.809265, 0.099597, 0.119697 
10.747184, 133.233932, 0.099619, 0.119586 
10.847183, 142.198273, 0.099328, 0.119761 
10.947182, 154.852493, 0.098834, 0.119241 
11.047182, 165.096405, 0.098690, 0.118003 
11.147182, 167.727310, 0.097544, 0.117378 
11.247182, 167.671432, 0.097646, 0.118153 
11.347181, 167.304245, 0.097971, 0.117962 
11.447180, 167.592545, 0.097509, 0.117660 
11.547179, 167.412003, 0.098106, 0.118444 
11.647179, 167.304245, 0.097971, 0.117962 
11.747179, 167.304245, 0.097971, 0.117962 
11.847179, 167.304245, 0.097971, 0.117962 
11.947179, 167.304245, 0.097971, 0.117962 
12.047178, 167.546143, 0.097874, 0.117818 
12.147178, 167.304245, 0.097971, 0.117962 
12.247178, 167.304245, 0.097971, 0.117962 
12.347178, 167.412003, 0.098106, 0.118444 
12.447177, 167.304245, 0.097971, 0.117962 
12.548655, 167.304245, 0.097971, 0.117962 
12.648654, 167.304245, 0.097971, 0.117962 
12.748654, 167.304245, 0.097971, 0.117962 
12.848653, 167.304245, 0.097971, 0.117962 
12.952578, 167.304245, 0.097971, 0.117962 
13.052578, 167.304245, 0.097971, 0.117962 
13.152577, 167.304245, 0.097971, 0.117962 
13.252577, 167.304245, 0.097971, 0.117962 
13.352577, 167.304245, 0.097971, 0.117962 
13.452577, 167.304245, 0.097971, 0.117962 
13.552576, 167.304245, 0.097971, 0.117962 
13.652575, 167.304245, 0.097971, 0.117962 
13.752574, 167.304245, 0.097971, 0.117962 
13.852574, 167.304245, 0.097971, 0.117962 
13.952573, 167.304245, 0.097971, 0.117962 
14.052573, 167.304245, 0.097971, 0.117962 
14.152573, 167.304245, 0.097971, 0.117962 
14.252572, 167.304245, 0.097971, 0.117962 
14.352571, 167.304245, 0.097971, 0.117962 
14.455211, 167.304245, 0.097971, 0.117962 
14.555210, 167.304245, 0.097971, 0.117962 
14.655209, 167.304245, 0.097971, 0.117962 
14.755209, 167.304245, 0.097971, 0.117962 
14.855209, 167.304245, 0.097971, 0.117962 
14.955209, 167.304245, 0.097971, 0.117962 
15.055208, 167.304245, 0.097971, 0.117962 
15.155208, 167.304245, 0.097971, 0.117962 
15.255208, 167.304245, 0.097971, 0.117962 
15.355208, 167.304245, 0.097971, 0.117962 
15.455208, 167.304245, 0.097971, 0.117962 
15.555207, 167.304245, 0.097971, 0.117962 
15.655207, 167.304245, 0.097971, 0.117962 
15.755207, 167.304245, 0.097971, 0.117962 
15.855206, 167.304245, 0.097971, 0.117962 
15.960575, 167.304245, 0.097971, 0.117962 
16.060574, 161.501831, 0.098281, 0.118200 
16.160574, 146.158157, 0.098822, 0.119248 
16.260574, 128.359512, 0.099802, 0.120245 
16.360574, 113.720215, 0.100682, 0.119884 
16.460573, 102.616302, 0.101294, 0.119873 
16.560573, 95.634087, 0.101699, 0.119952 
16.660572, 95.323456, 0.102189, 0.119747 
16.760571, 99.075668, 0.101319, 0.119471 
16.860571, 107.839096, 0.101048, 0.120178 
16.960570, 120.762085, 0.100605, 0.120463 
17.060570, 137.838867, 0.099478, 0.119277 
17.160570, 155.743469, 0.098571, 0.119048 
17.260570, 173.132156, 0.098087, 0.117968 
17.360569, 188.734787, 0.097946, 0.116168 
17.460569, 199.490601, 0.097890, 0.115830 
17.560568, 205.235214, 0.097240, 0.115042 
17.660567, 205.703323, 0.097898, 0.115191 
17.760567, 201.672501, 0.097808, 0.115873 
17.862917, 192.041382, 0.097896, 0.116504 
17.962916, 178.516068, 0.097891, 0.117371 
18.062915, 161.884796, 0.098388, 0.118446 
18.162914, 143.279358, 0.098866, 0.119176 
18.262914, 124.932701, 0.099159, 0.119609 
18.362914, 109.755363, 0.100441, 0.119658 
18.462914, 98.321793, 0.101225, 0.119973 
18.562913, 92.609116, 0.101575, 0.119599 
18.662913, 92.143616, 0.101589, 0.119169 
18.762912, 96.340370, 0.102060, 0.119720 
18.862912, 105.457596, 0.100999, 0.119331 
18.962912, 118.860413, 0.100567, 0.119759 
19.062911, 136.086746, 0.099492, 0.119132 
19.162911, 154.094574, 0.099027, 0.119128 
19.262910, 170.803513, 0.098003, 0.117387 
19.365042, 185.866302, 0.097557, 0.116827 
19.465042, 196.941528, 0.097493, 0.116141 
19.565042, 202.492340, 0.097599, 0.115955 
19.665041, 202.492340, 0.097599, 0.115955 
19.767515, 198.129959, 0.097247, 0.115711 
19.867514, 188.440750, 0.097027, 0.116423 
19.967514, 175.148788, 0.097922, 0.117325 
20.067514, 158.078659, 0.098487, 0.118915 
20.171811, 139.665787, 0.099782, 0.120304 
20.271810, 121.161064, 0.099706, 0.119806 
20.371810, 106.459900, 0.101003, 0.119843 
20.471810, 95.738556, 0.101526, 0.119858 
20.571810, 89.457993, 0.101921, 0.119758 
20.671810, 89.329269, 0.102600, 0.120239 
20.771809, 93.641983, 0.101429, 0.119197 
20.871810, 102.527443, 0.100898, 0.119598 
20.971812, 116.179413, 0.100652, 0.119864 
1234.000000, 1234.000000, 1234.000000, 1234.000000 
0.927975, 0.000000, 0.000000, 0.000000 
0.937975, 0.000000, 0.000000, 0.000000 
0.947974, 0.000000, 0.000000, 0.000000 
0.957974, 0.000000, 0.000000, 0.000000 
0.967973, 0.000000, 0.000000, 0.000000 
0.977972, 0.000000, 0.000000, 0.000000 
0.987972, 0.000000, 0.000000, 0.000000 
0.997972, 0.000000, 0.000000, 0.000000 
1.007972, 0.000000, 0.000000, 0.000000 
1.017971, 0.000000, 0.000000, 0.000000 
1.027970, 0.000000, 0.000000, 0.000000 
1.037970, 0.000000, 0.000000, 0.000000 
1.047970, 0.000000, 0.000000, 0.000000 
1.057969, 0.000000, 0.000000, 0.000000 
1.067969, 0.000000, 0.000000, 0.000000 
1.077969, 0.000000, 0.000000, 0.000000 
1.087969, 0.000000, 0.000000, 0.000000 
1.097969, 0.000000, 0.000000, 0.000000 
1.107969, 0.000000, 0.000000, 0.000000 
1.117968, 0.000000, 0.000000, 0.000000 
1.127968, 0.000000, 0.000000, 0.000000 
1.137968, 0.000000, 0.000000, 0.000000 
1.147969, 0.000000, 0.000000, 0.000000 
1.157968, 0.000000, 0.000000, 0.000000 
1.167968, 0.000000, 0.000000, 0.000000 
1.177968, 0.000000, 0.000000, 0.000000 
1.187968, 0.000000, 0.000000, 0.000000 
1.197968, 0.000000, 0.000000, 0.000000 
1.207968, 0.000000, 0.000000, 0.000000 
1.217968, 0.000000, 0.000000, 0.000000 
1.227968, 0.000000, 0.000000, 0.000000 
1.237968, 0.000000, 0.000000, 0.000000 
1.247967, 0.000000, 0.000000, 0.000000 
1.257967, 0.000000, 0.000000, 0.000000 
1.267967, 0.000000, 0.000000, 0.000000 
1.277967, 0.000000, 0.000000, 0.000000 
1.287966, 0.000000, 0.000000, 0.000000 
1.297966, 0.000000, 0.000000, 0.000000 
1.307966, 0.000000, 0.000000, 0.000000 
1.317965, 0.000000, 0.000000, 0.000000 
1.327964, 0.000000, 0.000000, 0.000000 
1.337965, 0.000000, 0.000000, 0.000000 
1.347964, 0.000000, 0.000000, 0.000000 
1.357964, 0.000000, 0.000000, 0.000000 
1.367964, 0.000000, 0.000000, 0.000000 
1.377963, 0.000000, 0.000000, 0.000000 
1.387963, 0.000000, 0.000000, 0.000000 
1.397963, 0.000000, 0.000000, 0.000000 
1.407963, 0.000000, 0.000000, 0.000000 
1.417962, 0.000000, 0.000000, 0.000000 
1.427961, 0.000000, 0.000000, 0.000000 
1.437961, 0.000000, 0.000000, 0.000000 
1.447961, 0.000000, 0.000000, 0.000000 
1.457961, 0.000000, 0.000000, 0.000000 
1.467960, 0.000000, 0.000000, 0.000000 
1.477960, 0.000000, 0.000000, 0.000000 
1.487960, 0.000000, 0.000000, 0.000000 
1.497959, 0.000000, 0.000000, 0.000000 
1.507959, 0.000000, 0.000000, 0.000000 
1.517958, 0.000000, 0.000000, 0.000000 
1.527958, 0.000000, 0.000000, 0.000000 
1.537957, 0.000000, 0.000000, 0.000000 
1.547956, 0.000000, 0.000000, 0.000000 
1.557956, 0.000000, 0.000000, 0.000000 
1.567956, 0.000000, 0.000000, 0.000000 
1.577955, 0.000000, 0.000000, 0.000000 
1.587955, 0.000000, 0.000000, 0.000000 
1.597955, 0.000000, 0.000000, 0.000000 
1.607954, 0.000000, 0.000000, 0.000000 
1.617954, 0.000000, 0.000000, 0.000000 
1.627953, 0.000000, 0.000000, 0.000000 
1.637953, 0.000000, 0.000000, 0.000000 
1.647953, 0.000000, 0.000000, 0.000000 
1.657953, 0.000000, 0.000000, 0.000000 
1.667952, 0.000000, 0.000000, 0.000000 
1.677953, 0.000000, 0.000000, 0.000000 
1.687952, 0.000000, 0.000000, 0.000000 
1.697952, 0.000000, 0.000000, 0.000000 
1.707952, 0.000000, 0.000000, 0.000000 
1.717951, 0.000000, 0.000000, 0.000000 
1.727951, 0.000000, 0.000000, 0.000000 
1.737950, 0.000000, 0.000000, 0.000000 
1.747950, 0.000000, 0.000000, 0.000000 
1.757950, 0.000000, 0.000000, 0.000000 
1.767950, 0.000000, 0.000000, 0.000000 
1.777949, 0.000000, 0.000000, 0.000000 
1.787949, 0.000000, 0.000000, 0.000000 
1.797949, 0.000000, 0.000000, 0.000000 
1.807948, 0.000000, 0.000000, 0.000000 
1.817948, 0.000000, 0.000000, 0.000000 
1.827948, 0.000000, 0.000000, 0.000000 
1.837947, 0.000000, 0.000000, 0.000000 
1.847947, 0.000000, 0.000000, 0.000000 
1.857946, 0.000000, 0.000000, 0.000000 
1.867946, 0.000000, 0.000000, 0.000000 
1.877946, 0.000000, 0.000000, 0.000000 
1.887946, 0.000000, 0.000000, 0.000000 
1.897946, 0.000000, 0.000000, 0.000000 
1.907946, 0.000000, 0.000000, 0.000000 
1.917945, 0.000000, 0.000000, 0.000000 
1.927945, 0.000000, 0.000000, 0.000000 
1.937944, 0.000000, 0.000000, 0.000000 
1.947944, 0.000000, 0.000000, 0.000000 
1.957944, 0.000000, 0.000000, 0.000000 
1.967944, 0.000000, 0.000000, 0.000000 
1.977943, 0.000000, 0.000000, 0.000000 
1.987943, 0.000000, 0.000000, 0.000000 
1.997943, 0.000000, 0.000000, 0.000000 
2.007943, 0.000000, 0.000000, 0.000000 
2.017944, 0.000000, 0.000000, 0.000000 
2.027943, 0.000000, 0.000000, 0.000000 
2.037943, 0.000000, 0.000000, 0.000000 
2.047943, 0.000000, 0.000000, 0.000000 
2.057943, 0.000000, 0.000000, 0.000000 
2.067942, 0.000000, 0.000000, 0.000000 
2.077942, 0.000000, 0.000000, 0.000000 
2.087942, 0.000000, 0.000000, 0.000000 
2.097941, 0.000000, 0.000000, 0.000000 
2.107941, 0.000000, 0.000000, 0.000000 
2.117940, 0.000000, 0.000000, 0.000000 
2.127940, 0.000000, 0.000000, 0.000000 
2.137942, 0.000000, 0.000000, 0.000000 
2.147942, 0.000000, 0.000000, 0.000000 
2.157942, 0.000000, 0.000000, 0.000000 
2.167942, 0.000000, 0.000000, 0.000000 
2.177942, 0.000000, 0.000000, 0.000000 
2.187941, 0.000000, 0.000000, 0.000000 
2.197941, 0.000000, 0.000000, 0.000000 
2.207942, 0.000000, 0.000000, 0.000000 
2.217941, 0.000000, 0.000000, 0.000000 
2.227940, 0.000000, 0.000000, 0.000000 
2.237940, 0.000000, 0.000000, 0.000000 
2.247940, 0.000000, 0.000000, 0.000000 
2.257940, 0.000000, 0.000000, 0.000000 
2.267940, 0.000000, 0.000000, 0.000000 
2.277940, 0.000000, 0.000000, 0.000000 
2.287939, 0.000000, 0.000000, 0.000000 
2.297939, 0.000000, 0.000000, 0.000000 
2.307939, 0.000000, 0.000000, 0.000000 
2.317939, 0.000000, 0.000000, 0.000000 
2.327939, 0.000000, 0.000000, 0.000000 
2.337939, 0.000000, 0.000000, 0.000000 
2.347939, 0.000000, 0.000000, 0.000000 
2.357938, 0.000000, 0.000000, 0.000000 
2.367938, 0.000000, 0.000000, 0.000000 
2.377938, 0.000000, 0.000000, 0.000000 
2.387937, 0.000000, 0.000000, 0.000000 
2.397937, 0.000000, 0.000000, 0.000000 
2.407936, 0.000000, 0.000000, 0.000000 
2.417936, 0.000000, 0.000000, 0.000000 
2.427935, 0.000000, 0.000000, 0.000000 
2.437934, 0.000000, 0.000000, 0.000000 
2.447933, 0.000000, 0.000000, 0.000000 
2.457933, 0.000000, 0.000000, 0.000000 
2.467932, 0.000000, 0.000000, 0.000000 
2.477932, 0.000000, 0.000000, 0.000000 
2.487931, 0.000000, 0.000000, 0.000000 
2.497931, 0.000000, 0.000000, 0.000000 
2.507930, 0.000000, 0.000000, 0.000000 
2.517930, 0.000000, 0.000000, 0.000000 
2.527930, 0.000000, 0.000000, 0.000000 
2.537930, 0.000000, 0.000000, 0.000000 
2.547930, 0.000000, 0.000000, 0.000000 
2.557930, 0.000000, 0.000000, 0.000000 
2.567929, 0.000000, 0.000000, 0.000000 
2.577929, 0.000000, 0.000000, 0.000000 
2.587929, 0.000000, 0.000000, 0.000000 
2.597928, 0.000000, 0.000000, 0.000000 
2.607927, 0.000000, 0.000000, 0.000000 
2.617927, 0.000000, 0.000000, 0.000000 
2.627926, 0.000000, 0.000000, 0.000000 
2.637926, 0.000000, 0.000000, 0.000000 
2.647926, 0.000000, 0.000000, 0.000000 
2.657926, 0.000000, 0.000000, 0.000000 
2.667925, 0.000000, 0.000000, 0.000000 
2.677925, 0.000000, 0.000000, 0.000000 
2.687925, 0.000000, 0.000000, 0.000000 
2.697925, 0.000000, 0.000000, 0.000000 
2.707925, 0.000000, 0.000000, 0.000000 
2.717924, 0.000000, 0.000000, 0.000000 
2.727924, 0.000000, 0.000000, 0.000000 
2.737924, 0.000000, 0.000000, 0.000000 
2.747924, 0.000000, 0.000000, 0.000000 
2.757923, 0.000000, 0.000000, 0.000000 
2.767923, 0.000000, 0.000000, 0.000000 
2.777923, 0.000000, 0.000000, 0.000000 
2.787923, 0.000000, 0.000000, 0.000000 
2.797922, 0.000000, 0.000000, 0.000000 
2.807922, 0.000000, 0.000000, 0.000000 
2.817922, 0.000000, 0.000000, 0.000000 
2.827921, 0.000000, 0.000000, 0.000000 
2.837920, 0.000000, 0.000000, 0.000000 
2.847919, 0.000000, 0.000000, 0.000000 
2.857919, 0.000000, 0.000000, 0.000000 
2.867919, 0.000000, 0.000000, 0.000000 
2.877918, 0.000000, 0.000000, 0.000000 
2.887918, 0.000000, 0.000000, 0.000000 
2.897918, 0.000000, 0.000000, 0.000000 
2.907917, 0.000000, 0.000000, 0.000000 
2.917918, 0.000000, 0.000000, 0.000000 
2.927917, 0.000000, 0.000000, 0.000000 
2.937917, 0.000000, 0.000000, 0.000000 
2.947917, 0.000000, 0.000000, 0.000000 
2.957917, 0.000000, 0.000000, 0.000000 
2.967916, 0.000000, 0.000000, 0.000000 
2.977916, 0.000000, 0.000000, 0.000000 
2.987916, 0.000000, 0.000000, 0.000000 
2.997915, 0.000000, 0.000000, 0.000000 
3.007915, 0.000000, 0.000000, 0.000000 
3.017914, 0.000000, 0.000000, 0.000000 
3.027914, 0.000000, 0.000000, 0.000000 
3.037914, 0.000000, 0.000000, 0.000000 
3.047913, 0.000000, 0.000000, 0.000000 
3.057913, 0.000000, 0.000000, 0.000000 
3.067913, 0.000000, 0.000000, 0.000000 
3.077913, 0.000000, 0.000000, 0.000000 
3.087912, 0.000000, 0.000000, 0.000000 
3.097912, 0.000000, 0.000000, 0.000000 
3.107912, 0.000000, 0.000000, 0.000000 
3.117911, 0.000000, 0.000000, 0.000000 
3.127910, 0.000000, 0.000000, 0.000000 
3.137910, 0.000000, 0.000000, 0.000000 
3.147909, 0.000000, 0.000000, 0.000000 
3.157909, 0.000000, 0.000000, 0.000000 
3.167909, 0.000000, 0.000000, 0.000000 
3.177908, 0.000000, 0.000000, 0.000000 
3.187908, 0.000000, 0.000000, 0.000000 
3.197907, 0.000000, 0.000000, 0.000000 
3.207906, 0.000000, 0.000000, 0.000000 
3.217906, 0.000000, 0.000000, 0.000000 
3.227905, 0.000000, 0.000000, 0.000000 
3.237905, 0.000000, 0.000000, 0.000000 
3.247904, 0.000000, 0.000000, 0.000000 
3.257904, 0.000000, 0.000000, 0.000000 
3.267903, 0.000000, 0.000000, 0.000000 
3.277903, 0.000000, 0.000000, 0.000000 
3.287903, 0.000000, 0.000000, 0.000000 
3.297903, 0.000000, 0.000000, 0.000000 
3.307903, 0.000000, 0.000000, 0.000000 
3.317902, 0.000000, 0.000000, 0.000000 
3.327901, 0.000000, 0.000000, 0.000000 
3.337901, 0.000000, 0.000000, 0.000000 
3.347900, 0.000000, 0.000000, 0.000000 
3.357899, 0.000000, 0.000000, 0.000000 
3.367899, 0.000000, 0.000000, 0.000000 
3.377899, 0.000000, 0.000000, 0.000000 
3.387898, 0.000000, 0.000000, 0.000000 
3.397898, 0.000000, 0.000000, 0.000000 
3.407897, 0.000000, 0.000000, 0.000000 
3.417897, 0.000000, 0.000000, 0.000000 
3.427896, 0.000000, 0.000000, 0.000000 
3.437896, 0.000000, 0.000000, 0.000000 
3.447896, 0.000000, 0.000000, 0.000000 
3.457896, 0.000000, 0.000000, 0.000000 
3.467895, 0.000000, 0.000000, 0.000000 
3.477894, 0.000000, 0.000000, 0.000000 
3.487894, 0.000000, 0.000000, 0.000000 
3.497894, 0.000000, 0.000000, 0.000000 
3.507894, 0.000000, 0.000000, 0.000000 
3.517893, 0.000000, 0.000000, 0.000000 
3.527892, 0.000000, 0.000000, 0.000000 
3.537892, 0.000000, 0.000000, 0.000000 
3.547891, 0.000000, 0.000000, 0.000000 
3.557891, 0.000000, 0.000000, 0.000000 
3.567891, 0.000000, 0.000000, 0.000000 
3.577891, 0.000000, 0.000000, 0.000000 
3.587890, 0.000000, 0.000000, 0.000000 
3.597890, 0.000000, 0.000000, 0.000000 
3.607890, 0.000000, 0.000000, 0.000000 
3.617889, 0.000000, 0.000000, 0.000000 
3.627888, 0.000000, 0.000000, 0.000000 
3.637888, 0.000000, 0.000000, 0.000000 
3.647888, 0.000000, 0.000000, 0.000000 
3.657887, 0.000000, 0.000000, 0.000000 
3.667887, 0.000000, 0.000000, 0.000000 
3.677887, 0.000000, 0.000000, 0.000000 
3.687886, 0.000000, 0.000000, 0.000000 
3.697885, 0.000000, 0.000000, 0.000000 
3.707885, 0.000000, 0.000000, 0.000000 
3.717884, 0.000000, 0.000000, 0.000000 
3.727884, 0.000000, 0.000000, 0.000000 
3.737884, 0.000000, 0.000000, 0.000000 
3.747883, 0.000000, 0.000000, 0.000000 
3.757883, 0.000000, 0.000000, 0.000000 
3.767883, 0.000000, 0.000000, 0.000000 
3.777883, 0.000000, 0.000000, 0.000000 
3.787882, 0.000000, 0.000000, 0.000000 
3.797882, 0.000000, 0.000000, 0.000000 
3.807882, 0.000000, 0.000000, 0.000000 
3.817882, 0.000000, 0.000000, 0.000000 
3.827881, 0.000000, 0.000000, 0.000000 
3.837880, 0.000000, 0.000000, 0.000000 
3.847880, 0.000000, 0.000000, 0.000000 
3.857880, 0.000000, 0.000000, 0.000000 
3.867879, 0.000000, 0.000000, 0.000000 
3.877880, 0.000000, 0.000000, 0.000000 
3.887879, 0.000000, 0.000000, 0.000000 
3.897879, 0.000000, 0.000000, 0.000000 
3.907879, 0.000000, 0.000000, 0.000000 
3.917878, 0.000000, 0.000000, 0.000000 
3.927878, 0.000000, 0.000000, 0.000000 
3.937878, 0.000000, 0.000000, 0.000000 
3.947878, 0.000000, 0.000000, 0.000000 
3.957877, 0.000000, 0.000000, 0.000000 
3.967877, 0.000000, 0.000000, 0.000000 
3.977877, 0.000000, 0.000000, 0.000000 
3.987877, 0.000000, 0.000000, 0.000000 
3.997876, 0.000000, 0.000000, 0.000000 
4.007877, 0.000000, 0.000000, 0.000000 
4.017876, 0.000000, 0.000000, 0.000000 
4.027876, 0.000000, 0.000000, 0.000000 
4.037876, 0.000000, 0.000000, 0.000000 
4.047875, 0.000000, 0.000000, 0.000000 
4.057875, 0.000000, 0.000000, 0.000000 
4.067875, 0.000000, 0.000000, 0.000000 
4.077875, 0.000000, 0.000000, 0.000000 
4.087875, 0.000000, 0.000000, 0.000000 
4.097874, 0.000000, 0.000000, 0.000000 
4.107874, 0.000000, 0.000000, 0.000000 
4.117873, 0.000000, 0.000000, 0.000000 
4.127873, 0.000000, 0.000000, 0.000000 
4.137873, 0.000000, 0.000000, 0.000000 
4.147873, 0.000000, 0.000000, 0.000000 
4.157873, 0.000000, 0.000000, 0.000000 
4.167872, 0.000000, 0.000000, 0.000000 
4.177872, 0.000000, 0.000000, 0.000000 
4.187871, 0.000000, 0.000000, 0.000000 
4.197871, 0.000000, 0.000000, 0.000000 
4.207870, 0.000000, 0.000000, 0.000000 
4.217870, 0.000000, 0.000000, 0.000000 
4.227869, 0.000000, 0.000000, 0.000000 
4.237869, 0.000000, 0.000000, 0.000000 
4.247869, 0.000000, 0.000000, 0.000000 
4.257869, 0.000000, 0.000000, 0.000000 
4.267869, 0.000000, 0.000000, 0.000000 
4.277868, 0.000000, 0.000000, 0.000000 
4.287867, 0.000000, 0.000000, 0.000000 
4.297867, 0.000000, 0.000000, 0.000000 
4.307866, 0.000000, 0.000000, 0.000000 
4.317865, 0.000000, 0.000000, 0.000000 
4.327865, 0.000000, 0.000000, 0.000000 
4.337865, 0.000000, 0.000000, 0.000000 
4.347864, 0.000000, 0.000000, 0.000000 
4.357864, 0.000000, 0.000000, 0.000000 
4.367864, 0.000000, 0.000000, 0.000000 
4.377864, 0.000000, 0.000000, 0.000000 
4.387864, 0.000000, 0.000000, 0.000000 
4.397864, 0.000000, 0.000000, 0.000000 
4.407864, 0.000000, 0.000000, 0.000000 
4.417863, 0.000000, 0.000000, 0.000000 
4.427863, 0.000000, 0.000000, 0.000000 
4.437863, 0.000000, 0.000000, 0.000000 
4.447863, 0.000000, 0.000000, 0.000000 
4.457862, 0.000000, 0.000000, 0.000000 
4.467861, 0.000000, 0.000000, 0.000000 
4.477861, 0.000000, 0.000000, 0.000000 
4.487861, 0.000000, 0.000000, 0.000000 
4.497861, 0.000000, 0.000000, 0.000000 
4.507860, 0.000000, 0.000000, 0.000000 
4.517860, 0.000000, 0.000000, 0.000000 
4.527860, 0.000000, 0.000000, 0.000000 
4.537859, 0.000000, 0.000000, 0.000000 
4.547859, 0.000000, 0.000000, 0.000000 
4.557858, 0.000000, 0.000000, 0.000000 
4.567858, 0.000000, 0.000000, 0.000000 
4.577858, 0.000000, 0.000000, 0.000000 
4.587858, 0.000000, 0.000000, 0.000000 
4.597857, 0.000000, 0.000000, 0.000000 
4.607857, 0.000000, 0.000000, 0.000000 
4.617856, 0.000000, 0.000000, 0.000000 
4.627856, 0.000000, 0.000000, 0.000000 
4.637855, 0.000000, 0.000000, 0.000000 
4.647855, 0.000000, 0.000000, 0.000000 
4.657855, 0.000000, 0.000000, 0.000000 
4.667855, 0.000000, 0.000000, 0.000000 
4.677855, 0.000000, 0.000000, 0.000000 
4.687854, 0.000000, 0.000000, 0.000000 
4.697854, 0.000000, 0.000000, 0.000000 
4.707854, 0.000000, 0.000000, 0.000000 
4.717853, 0.000000, 0.000000, 0.000000 
4.727853, 0.000000, 0.000000, 0.000000 
4.737852, 0.000000, 0.000000, 0.000000 
4.747852, 0.000000, 0.000000, 0.000000 
4.757851, 0.000000, 0.000000, 0.000000 
4.767851, 0.000000, 0.000000, 0.000000 
4.777850, 0.000000, 0.000000, 0.000000 
4.787850, 0.000000, 0.000000, 0.000000 
4.797849, 0.000000, 0.000000, 0.000000 
4.807849, 0.000000, 0.000000, 0.000000 
4.817849, 0.000000, 0.000000, 0.000000 
4.827849, 0.000000, 0.000000, 0.000000 
4.837849, 0.000000, 0.000000, 0.000000 
4.847848, 0.000000, 0.000000, 0.000000 
4.857848, 0.000000, 0.000000, 0.000000 
4.867847, 0.000000, 0.000000, 0.000000 
4.877848, 0.000000, 0.000000, 0.000000 
4.887848, 0.000000, 0.000000, 0.000000 
4.897847, 0.000000, 0.000000, 0.000000 
4.907847, 0.000000, 0.000000, 0.000000 
4.917846, 0.000000, 0.000000, 0.000000 
4.927846, 0.000000, 0.000000, 0.000000 
4.937845, 0.000000, 0.000000, 0.000000 
4.947845, 0.000000, 0.000000, 0.000000 
4.957845, 0.000000, 0.000000, 0.000000 
4.967845, 0.000000, 0.000000, 0.000000 
4.977844, 0.000000, 0.000000, 0.000000 
4.987844, 0.000000, 0.000000, 0.000000 
4.997844, 0.000000, 0.000000, 0.000000 
5.007843, 0.000000, 0.000000, 0.000000 
5.017842, 0.000000, 0.000000, 0.000000 
5.027842, 0.000000, 0.000000, 0.000000 
5.037842, 0.000000, 0.000000, 0.000000 
5.047841, 0.000000, 0.000000, 0.000000 
5.057841, 0.000000, 0.000000, 0.000000 
5.067840, 0.000000, 0.000000, 0.000000 
5.077840, 0.000000, 0.000000, 0.000000 
5.087840, 0.000000, 0.000000, 0.000000 
5.097839, 0.000000, 0.000000, 0.000000 
5.107839, 0.000000, 0.000000, 0.000000 
5.117838, 0.000000, 0.000000, 0.000000 
5.127838, 0.000000, 0.000000, 0.000000 
5.137837, 0.000000, 0.000000, 0.000000 
5.147837, 0.000000, 0.000000, 0.000000 
5.157837, 0.000000, 0.000000, 0.000000 
5.167836, 0.000000, 0.000000, 0.000000 
5.177836, 0.000000, 0.000000, 0.000000 
5.187835, 0.000000, 0.000000, 0.000000 
5.197835, 0.000000, 0.000000, 0.000000 
5.207834, 0.000000, 0.000000, 0.000000 
5.217834, 0.000000, 0.000000, 0.000000 
5.227834, 0.000000, 0.000000, 0.000000 
5.237833, 0.000000, 0.000000, 0.000000 
5.247833, 0.000000, 0.000000, 0.000000 
5.257833, 0.000000, 0.000000, 0.000000 
5.267833, 0.000000, 0.000000, 0.000000 
5.277832, 0.000000, 0.000000, 0.000000 
5.287832, 0.000000, 0.000000, 0.000000 
5.297832, 0.000000, 0.000000, 0.000000 
5.307831, 0.000000, 0.000000, 0.000000 
5.317831, 0.000000, 0.000000, 0.000000 
5.327830, 0.000000, 0.000000, 0.000000 
5.337829, 0.000000, 0.000000, 0.000000 
5.347829, 0.000000, 0.000000, 0.000000 
5.357828, 0.000000, 0.000000, 0.000000 
5.367827, 0.000000, 0.000000, 0.000000 
5.377827, 0.000000, 0.000000, 0.000000 
5.387827, 0.000000, 0.000000, 0.000000 
5.397826, 0.000000, 0.000000, 0.000000 
5.407826, 0.000000, 0.000000, 0.000000 
5.417826, 0.000000, 0.000000, 0.000000 
5.427826, 0.000000, 0.000000, 0.000000 
5.437826, 0.000000, 0.000000, 0.000000 
5.447825, 0.000000, 0.000000, 0.000000 
5.457826, 0.000000, 0.000000, 0.000000 
5.467826, 0.000000, 0.000000, 0.000000 
5.477825, 0.000000, 0.000000, 0.000000 
5.487825, 0.000000, 0.000000, 0.000000 
5.497824, 0.000000, 0.000000, 0.000000 
5.507824, 0.000000, 0.000000, 0.000000 
5.517824, 0.000000, 0.000000, 0.000000 
5.527824, 0.000000, 0.000000, 0.000000 
5.537823, 0.000000, 0.000000, 0.000000 
5.547823, 0.000000, 0.000000, 0.000000 
5.557823, 0.000000, 0.000000, 0.000000 
5.567822, 0.000000, 0.000000, 0.000000 
5.577822, 0.000000, 0.000000, 0.000000 
5.587822, 0.000000, 0.000000, 0.000000 
5.597821, 0.000000, 0.000000, 0.000000 
5.607821, 0.000000, 0.000000, 0.000000 
5.617820, 0.000000, 0.000000, 0.000000 
5.627821, 0.000000, 0.000000, 0.000000 
5.637820, 0.000000, 0.000000, 0.000000 
5.647819, 0.000000, 0.000000, 0.000000 
5.657819, 0.000000, 0.000000, 0.000000 
5.667819, 0.000000, 0.000000, 0.000000 
5.677818, 0.000000, 0.000000, 0.000000 
5.687817, 0.000000, 0.000000, 0.000000 
5.697816, 0.000000, 0.000000, 0.000000 
5.707816, 0.000000, 0.000000, 0.000000 
5.717816, 0.000000, 0.000000, 0.000000 
5.727815, 0.000000, 0.000000, 0.000000 
5.737815, 0.000000, 0.000000, 0.000000 
5.747815, 0.000000, 0.000000, 0.000000 
5.757815, 0.000000, 0.000000, 0.000000 
5.767814, 0.000000, 0.000000, 0.000000 
5.777813, 0.000000, 0.000000, 0.000000 
5.787814, 0.000000, 0.000000, 0.000000 
5.797813, 0.000000, 0.000000, 0.000000 
5.807813, 0.000000, 0.000000, 0.000000 
5.817813, 0.000000, 0.000000, 0.000000 
5.827812, 0.000000, 0.000000, 0.000000 
5.837812, 0.000000, 0.000000, 0.000000 
5.847812, 0.000000, 0.000000, 0.000000 
5.857811, 0.000000, 0.000000, 0.000000 
5.867810, 0.000000, 0.000000, 0.000000 
5.877810, 0.000000, 0.000000, 0.000000 
5.887810, 0.000000, 0.000000, 0.000000 
5.897810, 0.000000, 0.000000, 0.000000 
5.907810, 0.000000, 0.000000, 0.000000 
5.917809, 0.000000, 0.000000, 0.000000 
5.927808, 0.000000, 0.000000, 0.000000 
5.937808, -0.351648, 0.000000, 0.000000 
5.947808, -0.703297, 0.000000, 0.000000 
5.957808, -1.318681, 0.000000, 0.000000 
5.967807, -2.021978, 0.000000, 0.000000 
5.977807, -2.901099, 0.000000, 0.000000 
5.987806, -3.868132, 0.000000, 0.000000 
5.997805, -4.923077, 0.000000, 0.000000 
6.007805, -6.065934, 0.000000, 0.000000 
6.017804, -7.296703, 0.000000, 0.000000 
6.027804, -8.615385, 0.000000, 0.000000 
6.037803, -10.021978, 0.000000, 0.000000 
6.047803, -11.428571, 0.000000, 0.000000 
6.057803, -12.923077, 0.000000, 0.000000 
6.067802, -14.417582, 0.000000, 0.000000 
6.077802, -16.000000, 0.000000, 0.000000 
6.087801, -17.582418, 0.000000, 0.000000 
6.097801, -19.252747, 0.000000, 0.000000 
6.107800, -20.835165, 0.000000, 0.000000 
6.117800, -22.505495, 0.000000, 0.000000 
6.127799, -24.175824, 0.000000, 0.000000 
6.137798, -25.934066, 0.000000, 0.000000 
6.147798, -27.604396, 0.000000, 0.000000 
6.157797, -29.274725, 0.000000, 0.000000 
6.167797, -30.945055, 0.000000, 0.000000 
6.177796, -32.615385, 0.000000, 0.000000 
6.187795, -34.373626, 0.000000, 0.000000 
6.197795, -36.043956, 0.000000, 0.000000 
6.207795, -37.714286, 0.000000, 0.000000 
6.217794, -39.296703, 0.000000, 0.000000 
6.227794, -40.967033, 0.000000, 0.000000 
6.237794, -42.549451, 0.000000, 0.000000 
6.247793, -44.131868, 0.000000, 0.000000 
6.257793, -45.626374, 0.000000, 0.000000 
6.267793, -47.120879, 0.000000, 0.000000 
6.277792, -48.615385, 0.000000, 0.000000 
6.287793, -50.021978, 0.000000, 0.000000 
6.297792, -51.516484, 0.000000, 0.000000 
6.307792, -52.835165, 0.000000, 0.000000 
6.317791, -54.153846, 0.000000, 0.000000 
6.327791, -55.472527, 0.000000, 0.000000 
6.337790, -56.703297, 0.000000, 0.000000 
6.347790, -57.934066, 0.000000, 0.000000 
6.357790, -59.076923, 0.000000, 0.000000 
6.367789, -60.219780, 0.000000, 0.000000 
6.377789, -61.362637, 0.000000, 0.000000 
6.387789, -62.329670, 0.000000, 0.000000 
6.397788, -63.384615, 0.000000, 0.000000 
6.407788, -64.263736, 0.000000, 0.000000 
6.417787, -65.230769, 0.000000, 0.000000 
6.427786, -66.021978, 0.000000, 0.000000 
6.437786, -66.813187, 0.000000, 0.000000 
6.447786, -67.516484, 0.000000, 0.000000 
6.457786, -68.219780, 0.000000, 0.000000 
6.467785, -68.835165, 0.000000, 0.000000 
6.477785, -69.450549, 0.000000, 0.000000 
6.487785, -69.890110, 0.000000, 0.000000 
6.497785, -70.417582, 0.000000, 0.000000 
6.507784, -70.769231, 0.000000, 0.000000 
6.517783, -71.120879, 0.000000, 0.000000 
6.527783, -71.384615, 0.000000, 0.000000 
6.537783, -71.560440, 0.000000, 0.000000 
6.547783, -71.736264, 0.000000, 0.000000 
6.557783, -71.824176, 0.000000, 0.000000 
6.567782, -71.824176, 0.000000, 0.000000 
6.577782, -71.824176, 0.000000, 0.000000 
6.587782, -71.736264, 0.000000, 0.000000 
6.597782, -71.648352, 0.000000, 0.000000 
6.607781, -71.472527, 0.000000, 0.000000 
6.617781, -71.296703, 0.000000, 0.000000 
6.627781, -71.032967, 0.000000, 0.000000 
6.637780, -70.769231, 0.000000, 0.000000 
6.647780, -70.417582, 0.000000, 0.000000 
6.657779, -70.065934, 0.000000, 0.000000 
6.667778, -69.626374, 0.000000, 0.000000 
6.677778, -69.186813, 0.000000, 0.000000 
6.687778, -68.659341, 0.000000, 0.000000 
6.697778, -68.043956, 0.000000, 0.000000 
6.707778, -67.428571, 0.000000, 0.000000 
6.717777, -66.813187, 0.000000, 0.000000 
6.727776, -66.109890, 0.000000, 0.000000 
6.737775, -65.318681, 0.000000, 0.000000 
6.747775, -64.527473, 0.000000, 0.000000 
6.757775, -63.648352, 0.000000, 0.000000 
6.767775, -62.769231, 0.000000, 0.000000 
6.777774, -61.802198, 0.000000, 0.000000 
6.787774, -60.747253, 0.000000, 0.000000 
6.797774, -59.692308, 0.000000, 0.000000 
6.807774, -58.637363, 0.000000, 0.000000 
6.817773, -57.494505, 0.000000, 0.000000 
6.827773, -56.263736, 0.000000, 0.000000 
6.837772, -55.032967, 0.000000, 0.000000 
6.847772, -53.802198, 0.000000, 0.000000 
6.857771, -52.483516, 0.000000, 0.000000 
6.867770, -51.076923, 0.000000, 0.000000 
6.877770, -49.758242, 0.000000, 0.000000 
6.887770, -48.351648, 0.000000, 0.000000 
6.897769, -46.857143, 0.000000, 0.000000 
6.907769, -45.362637, 0.000000, 0.000000 
6.917769, -43.868132, 0.000000, 0.000000 
6.927768, -42.285714, 0.000000, 0.000000 
6.937767, -40.791209, 0.000000, 0.000000 
6.947767, -39.120879, 0.000000, 0.000000 
6.957767, -37.538462, 0.000000, 0.000000 
6.967766, -35.868132, 0.000000, 0.000000 
6.977766, -34.197802, 0.000000, 0.000000 
6.987766, -32.527473, 0.000000, 0.000000 
6.997766, -30.857143, 0.000000, 0.000000 
7.007765, -29.098901, 0.000000, 0.000000 
7.017765, -27.340659, 0.000000, 0.000000 
7.027764, -25.582418, 0.000000, 0.000000 
7.037764, -23.824176, 0.000000, 0.000000 
7.047763, -22.065934, 0.000000, 0.000000 
7.057762, -20.307692, 0.000000, 0.000000 
7.067762, -18.461538, 0.000000, 0.000000 
7.077762, -16.703297, 0.000000, 0.000000 
7.087764, -14.857143, 0.000000, 0.000000 
7.097764, -13.010989, 0.000000, 0.000000 
7.107764, -11.252747, 0.000000, 0.000000 
7.117763, -9.406593, 0.000000, 0.000000 
7.127763, -7.648352, 0.000000, 0.000000 
7.137764, -5.802198, 0.000000, 0.000000 
7.147763, -4.043956, 0.000000, 0.000000 
7.157763, -2.285714, 0.000000, 0.000000 
7.167763, -0.527473, 0.000000, 0.000000 
7.177763, 1.230769, 0.000000, 0.000000 
7.187762, 2.901099, 0.000000, 0.000000 
7.197762, 4.571429, 0.000000, 0.000000 
7.207762, 6.241758, 0.000000, 0.000000 
7.217761, 7.912088, 0.000000, 0.000000 
7.227761, 9.494505, 0.000000, 0.000000 
7.237761, 11.076923, 0.000000, 0.000000 
7.247761, 12.659341, 0.000000, 0.000000 
7.257761, 14.153846, 0.000000, 0.000000 
7.267760, 15.736264, 0.000000, 0.000000 
7.277760, 17.142857, 0.000000, 0.000000 
7.287760, 18.637363, 0.000000, 0.000000 
7.297760, 19.956044, 0.000000, 0.000000 
7.307759, 21.362637, 0.000000, 0.000000 
7.317759, 22.681319, 0.000000, 0.000000 
7.327758, 24.000000, 0.000000, 0.000000 
7.337758, 25.230769, 0.000000, 0.000000 
7.347757, 26.461538, 0.000000, 0.000000 
7.357757, 27.604396, 0.000000, 0.000000 
7.367756, 28.659341, 0.000000, 0.000000 
7.377756, 29.802198, 0.000000, 0.000000 
7.387755, 30.769231, 0.000000, 0.000000 
7.397755, 31.736264, 0.000000, 0.000000 
7.407755, 32.703297, 0.000000, 0.000000 
7.417755, 33.582418, 0.000000, 0.000000 
7.427754, 34.373626, 0.000000, 0.000000 
7.437754, 35.164835, 0.000000, 0.000000 
7.447753, 35.868132, 0.000000, 0.000000 
7.457752, 36.483516, 0.000000, 0.000000 
7.467752, 37.098901, 0.000000, 0.000000 
7.477751, 37.626374, 0.000000, 0.000000 
7.487751, 38.153846, 0.000000, 0.000000 
7.497750, 38.593407, 0.000000, 0.000000 
7.507750, 38.945055, 0.000000, 0.000000 
7.517749, 39.208791, 0.000000, 0.000000 
7.527749, 39.472527, 0.000000, 0.000000 
7.537749, 39.648352, 0.000000, 0.000000 
7.547748, 39.824176, 0.000000, 0.000000 
7.557748, 39.824176, 0.000000, 0.000000 
7.567748, 39.824176, 0.000000, 0.000000 
7.577747, 39.824176, 0.000000, 0.000000 
7.587747, 39.736264, 0.000000, 0.000000 
7.597747, 39.648352, 0.000000, 0.000000 
7.607747, 39.472527, 0.000000, 0.000000 
7.617746, 39.296703, 0.000000, 0.000000 
7.627746, 39.032967, 0.000000, 0.000000 
7.637746, 38.769231, 0.000000, 0.000000 
7.647745, 38.417582, 0.000000, 0.000000 
7.657745, 38.065934, 0.000000, 0.000000 
7.667744, 37.626374, 0.000000, 0.000000 
7.677744, 37.098901, 0.000000, 0.000000 
7.687743, 36.659341, 0.000000, 0.000000 
7.697743, 36.043956, 0.000000, 0.000000 
7.707743, 35.428571, 0.000000, 0.000000 
7.717742, 34.725275, 0.000000, 0.000000 
7.727742, 34.021978, 0.000000, 0.000000 
7.737742, 33.230769, 0.000000, 0.000000 
7.747742, 32.439560, 0.000000, 0.000000 
7.757742, 31.560440, 0.000000, 0.000000 
7.767742, 30.593407, 0.000000, 0.000000 
7.777742, 29.626374, 0.000000, 0.000000 
7.787741, 28.659341, 0.000000, 0.000000 
7.797740, 27.516484, 0.000000, 0.000000 
7.807740, 26.461538, 0.000000, 0.000000 
7.817740, 25.230769, 0.000000, 0.000000 
7.827739, 24.000000, 0.000000, 0.000000 
7.837739, 22.769231, 0.000000, 0.000000 
7.847739, 21.450549, 0.000000, 0.000000 
7.857738, 20.131868, 0.000000, 0.000000 
7.867737, 18.725275, 0.000000, 0.000000 
7.877737, 17.318681, 0.000000, 0.000000 
7.887737, 15.824176, 0.000000, 0.000000 
7.897736, 14.329670, 0.000000, 0.000000 
7.907737, 12.835165, 0.000000, 0.000000 
7.917736, 11.252747, 0.000000, 0.000000 
7.927735, 9.670330, 0.000000, 0.000000 
7.937735, 8.087912, 0.000000, 0.000000 
7.947735, 6.417582, 0.000000, 0.000000 
7.957735, 4.747253, 0.000000, 0.000000 
7.967734, 3.076923, 0.000000, 0.000000 
7.977733, 1.318681, 0.000000, 0.000000 
7.987733, -0.351648, 0.000000, 0.000000 
7.997732, -2.109890, 0.000000, 0.000000 
8.007732, -3.868132, 0.000000, 0.000000 
8.017731, -5.626374, 0.000000, 0.000000 
8.027731, -7.472527, 0.000000, 0.000000 
8.037730, -9.230769, 0.000000, 0.000000 
8.047729, -11.076923, 0.000000, 0.000000 
8.057728, -12.835165, 0.000000, 0.000000 
8.067728, -14.681319, 0.000000, 0.000000 
8.077727, -16.439560, 0.000000, 0.000000 
8.087726, -18.285714, 0.000000, 0.000000 
8.097726, -20.131868, 0.000000, 0.000000 
8.107726, -21.890110, 0.000000, 0.000000 
8.117726, -23.736264, 0.000000, 0.000000 
8.127725, -25.582418, 0.000000, 0.000000 
8.137725, -27.340659, 0.000000, 0.000000 
8.147724, -29.186813, 0.000000, 0.000000 
8.157724, -30.945055, 0.000000, 0.000000 
8.167724, -32.703297, 0.000000, 0.000000 
8.177724, -34.461538, 0.000000, 0.000000 
8.187723, -36.219780, 0.000000, 0.000000 
8.197722, -37.890110, 0.000000, 0.000000 
8.207722, -39.560440, 0.000000, 0.000000 
8.217722, -41.230769, 0.000000, 0.000000 
8.227721, -42.813187, 0.000000, 0.000000 
8.237720, -44.395604, 0.000000, 0.000000 
8.247720, -45.978022, 0.000000, 0.000000 
8.257719, -47.560440, 0.000000, 0.000000 
8.267719, -49.054945, 0.000000, 0.000000 
8.277719, -50.549451, 0.000000, 0.000000 
8.287719, -51.956044, 0.000000, 0.000000 
8.297718, -53.450549, 0.000000, 0.000000 
8.307718, -54.769231, 0.000000, 0.000000 
8.317717, -56.175824, 0.000000, 0.000000 
8.327717, -57.494505, 0.000000, 0.000000 
8.337717, -58.725275, 0.000000, 0.000000 
8.347717, -59.956044, 0.000000, 0.000000 
8.357716, -61.098901, 0.000000, 0.000000 
8.367716, -62.241758, 0.000000, 0.000000 
8.377716, -63.384615, 0.000000, 0.000000 
8.387715, -64.439560, 0.000000, 0.000000 
8.397715, -65.406593, 0.000000, 0.000000 
8.407714, -66.373626, 0.000000, 0.000000 
8.417714, -67.252747, 0.000000, 0.000000 
8.427714, -68.131868, 0.000000, 0.000000 
8.437715, -68.923077, 0.000000, 0.000000 
8.447715, -69.626374, 0.000000, 0.000000 
8.457714, -70.329670, 0.000000, 0.000000 
8.467714, -70.945055, 0.000000, 0.000000 
8.477714, -71.560440, 0.000000, 0.000000 
8.487713, -72.000000, 0.000000, 0.000000 
8.497713, -72.527473, 0.000000, 0.000000 
8.507713, -72.879121, 0.000000, 0.000000 
8.517713, -73.230769, 0.000000, 0.000000 
8.527712, -73.494505, 0.000000, 0.000000 
8.537712, -73.670330, 0.000000, 0.000000 
8.547712, -73.846154, 0.000000, 0.000000 
8.557712, -73.934066, 0.000000, 0.000000 
8.567712, -73.934066, 0.000000, 0.000000 
8.577712, -73.934066, 0.000000, 0.000000 
8.587712, -73.846154, 0.000000, 0.000000 
8.597712, -73.758242, 0.000000, 0.000000 
8.607711, -73.582418, 0.000000, 0.000000 
8.617711, -73.406593, 0.000000, 0.000000 
8.627710, -73.230769, 0.000000, 0.000000 
8.637710, -72.879121, 0.000000, 0.000000 
8.647709, -72.615385, 0.000000, 0.000000 
8.657709, -72.263736, 0.000000, 0.000000 
8.667708, -71.824176, 0.000000, 0.000000 
8.677708, -71.384615, 0.000000, 0.000000 
8.687707, -70.857143, 0.000000, 0.000000 
8.697707, -70.241758, 0.000000, 0.000000 
8.707707, -69.626374, 0.000000, 0.000000 
8.717706, -69.010989, 0.000000, 0.000000 
8.727706, -68.307692, 0.000000, 0.000000 
8.737705, -67.516484, 0.000000, 0.000000 
8.747704, -66.725275, 0.000000, 0.000000 
8.757704, -65.846154, 0.000000, 0.000000 
8.767704, -64.967033, 0.000000, 0.000000 
8.777703, -64.000000, 0.000000, 0.000000 
8.787703, -62.945055, 0.000000, 0.000000 
8.797702, -61.978022, 0.000000, 0.000000 
8.807702, -60.835165, 0.000000, 0.000000 
8.817702, -59.692308, 0.000000, 0.000000 
8.827701, -58.549451, 0.000000, 0.000000 
8.837701, -57.318681, 0.000000, 0.000000 
8.847700, -56.000000, 0.000000, 0.000000 
8.857699, -54.681319, 0.000000, 0.000000 
8.867699, -53.362637, 0.000000, 0.000000 
8.877699, -51.956044, 0.000000, 0.000000 
8.887710, -50.549451, 0.000000, 0.000000 
8.897710, -49.142857, 0.000000, 0.000000 
8.907710, -47.648352, 0.000000, 0.000000 
8.917710, -46.065934, 0.000000, 0.000000 
8.927709, -44.571429, 0.000000, 0.000000 
8.937708, -42.989011, 0.000000, 0.000000 
8.947708, -41.406593, 0.000000, 0.000000 
8.957707, -39.736264, 0.000000, 0.000000 
8.967707, -38.153846, 0.000000, 0.000000 
8.977707, -36.483516, 0.000000, 0.000000 
8.987707, -34.725275, 0.000000, 0.000000 
8.997707, -33.054945, 0.000000, 0.000000 
9.007706, -31.296703, 0.000000, 0.000000 
9.017706, -29.626374, 0.000000, 0.000000 
9.027705, -27.868132, 0.000000, 0.000000 
9.037705, -26.109890, 0.000000, 0.000000 
9.047705, -24.351648, 0.000000, 0.000000 
9.057705, -22.593407, 0.000000, 0.000000 
9.067705, -20.747253, 0.000000, 0.000000 
9.077704, -18.989011, 0.000000, 0.000000 
9.087704, -17.230769, 0.000000, 0.000000 
9.097703, -15.384615, 0.000000, 0.000000 
9.107703, -13.626374, 0.000000, 0.000000 
9.117703, -11.868132, 0.000000, 0.000000 
9.127703, -10.021978, 0.000000, 0.000000 
9.137702, -8.263736, 0.000000, 0.000000 
9.147702, -6.505495, 0.000000, 0.000000 
9.157702, -4.747253, 0.000000, 0.000000 
9.167702, -2.989011, 0.000000, 0.000000 
9.177702, -1.318681, 0.000000, 0.000000 
9.187701, 0.439560, 0.000000, 0.000000 
9.197701, 2.109890, 0.000000, 0.000000 
9.207700, 3.780220, 0.000000, 0.000000 
9.217700, 5.362637, 0.000000, 0.000000 
9.227700, 6.945055, 0.000000, 0.000000 
9.237699, 8.527473, 0.000000, 0.000000 
9.247699, 10.109890, 0.000000, 0.000000 
9.257699, 11.604396, 0.000000, 0.000000 
9.267698, 13.098901, 0.000000, 0.000000 
9.277698, 14.505495, 0.000000, 0.000000 
9.287698, 15.912088, 0.000000, 0.000000 
9.297697, 17.318681, 0.000000, 0.000000 
9.307697, 18.725275, 0.000000, 0.000000 
9.317697, 19.956044, 0.000000, 0.000000 
9.327696, 21.274725, 0.000000, 0.000000 
9.337696, 22.505495, 0.000000, 0.000000 
9.347695, 23.736264, 0.000000, 0.000000 
9.357695, 24.879121, 0.000000, 0.000000 
9.367695, 25.934066, 0.000000, 0.000000 
9.377695, 27.076923, 0.000000, 0.000000 
9.387694, 28.043956, 0.000000, 0.000000 
9.397694, 29.010989, 0.000000, 0.000000 
9.407694, 29.978022, 0.000000, 0.000000 
9.417694, 30.769231, 0.000000, 0.000000 
9.427693, 31.648352, 0.000000, 0.000000 
9.437693, 32.439560, 0.000000, 0.000000 
9.447692, 33.142857, 0.000000, 0.000000 
9.457692, 33.758242, 0.000000, 0.000000 
9.467692, 34.373626, 0.000000, 0.000000 
9.477692, 34.901099, 0.000000, 0.000000 
9.487692, 35.428571, 0.000000, 0.000000 
9.497691, 35.780220, 0.000000, 0.000000 
9.507691, 36.219780, 0.000000, 0.000000 
9.517691, 36.483516, 0.000000, 0.000000 
9.527690, 36.747253, 0.000000, 0.000000 
9.537690, 36.923077, 0.000000, 0.000000 
9.547689, 37.010989, 0.000000, 0.000000 
9.557689, 37.098901, 0.000000, 0.000000 
9.567688, 37.098901, 0.000000, 0.000000 
9.577687, 37.010989, 0.000000, 0.000000 
9.587687, 36.923077, 0.000000, 0.000000 
9.597687, 36.835165, 0.000000, 0.000000 
9.607687, 36.659341, 0.000000, 0.000000 
9.617686, 36.483516, 0.000000, 0.000000 
9.627686, 36.219780, 0.000000, 0.000000 
9.637685, 35.956044, 0.000000, 0.000000 
9.647684, 35.604396, 0.000000, 0.000000 
9.657684, 35.252747, 0.000000, 0.000000 
9.667683, 34.813187, 0.000000, 0.000000 
9.677683, 34.373626, 0.000000, 0.000000 
9.687683, 33.846154, 0.000000, 0.000000 
9.697683, 33.318681, 0.000000, 0.000000 
9.707683, 32.703297, 0.000000, 0.000000 
9.717682, 32.000000, 0.000000, 0.000000 
9.727682, 31.296703, 0.000000, 0.000000 
9.737681, 30.505495, 0.000000, 0.000000 
9.747681, 29.714286, 0.000000, 0.000000 
9.757680, 28.835165, 0.000000, 0.000000 
9.767680, 27.868132, 0.000000, 0.000000 
9.777680, 26.901099, 0.000000, 0.000000 
9.787679, 25.846154, 0.000000, 0.000000 
9.797678, 24.791209, 0.000000, 0.000000 
9.807678, 23.736264, 0.000000, 0.000000 
9.817678, 22.505495, 0.000000, 0.000000 
9.827677, 21.362637, 0.000000, 0.000000 
9.837677, 20.131868, 0.000000, 0.000000 
9.847676, 18.813187, 0.000000, 0.000000 
9.857676, 17.494505, 0.000000, 0.000000 
9.867676, 16.175824, 0.000000, 0.000000 
9.877676, 14.769231, 0.000000, 0.000000 
9.887675, 13.274725, 0.000000, 0.000000 
9.897675, 11.780220, 0.000000, 0.000000 
9.907674, 10.285714, 0.000000, 0.000000 
9.917674, 8.791209, 0.000000, 0.000000 
9.927673, 7.208791, 0.000000, 0.000000 
9.937673, 5.538462, 0.000000, 0.000000 
9.947672, 3.956044, 0.000000, 0.000000 
9.957672, 2.285714, 0.000000, 0.000000 
9.967671, 0.615385, 0.000000, 0.000000 
9.977670, -1.142857, 0.000000, 0.000000 
9.987670, -2.813187, 0.000000, 0.000000 
9.997670, -4.571429, 0.000000, 0.000000 
10.007670, -6.329670, 0.000000, 0.000000 
10.017669, -8.087912, 0.000000, 0.000000 
10.027669, -9.846154, 0.000000, 0.000000 
10.037668, -11.692308, 0.000000, 0.000000 
10.047668, -13.450549, 0.000000, 0.000000 
10.057668, -15.296703, 0.000000, 0.000000 
10.067668, -17.142857, 0.000000, 0.000000 
10.077668, -18.901099, 0.000000, 0.000000 
10.087667, -20.747253, 0.000000, 0.000000 
10.097666, -22.593407, 0.000000, 0.000000 
10.107666, -24.351648, 0.000000, 0.000000 
10.117665, -26.197802, 0.000000, 0.000000 
10.127665, -28.043956, 0.000000, 0.000000 
10.137664, -29.802198, 0.000000, 0.000000 
10.147663, -31.648352, 0.000000, 0.000000 
10.157663, -33.406593, 0.000000, 0.000000 
10.167663, -35.164835, 0.000000, 0.000000 
10.177663, -36.923077, 0.000000, 0.000000 
10.187663, -38.593407, 0.000000, 0.000000 
10.197662, -40.351648, 0.000000, 0.000000 
10.207662, -42.021978, 0.000000, 0.000000 
10.217661, -43.604396, 0.000000, 0.000000 
10.227661, -45.274725, 0.000000, 0.000000 
10.237660, -46.857143, 0.000000, 0.000000 
10.247660, -48.439560, 0.000000, 0.000000 
10.257660, -50.021978, 0.000000, 0.000000 
10.267659, -51.516484, 0.000000, 0.000000 
10.277659, -53.010989, 0.000000, 0.000000 
10.287659, -54.417582, 0.000000, 0.000000 
10.297659, -55.824176, 0.000000, 0.000000 
10.307659, -57.230769, 0.000000, 0.000000 
10.317659, -58.549451, 0.000000, 0.000000 
10.327658, -59.868132, 0.000000, 0.000000 
10.337658, -61.098901, 0.000000, 0.000000 
10.347657, -62.329670, 0.000000, 0.000000 
10.357657, -63.560440, 0.000000, 0.000000 
10.367656, -64.615385, 0.000000, 0.000000 
10.377656, -65.758242, 0.000000, 0.000000 
10.387655, -66.813187, 0.000000, 0.000000 
10.397655, -67.780220, 0.000000, 0.000000 
10.407655, -68.747253, 0.000000, 0.000000 
10.417655, -69.626374, 0.000000, 0.000000 
10.427655, -70.505495, 0.000000, 0.000000 
10.437654, -71.296703, 0.000000, 0.000000 
10.447653, -72.000000, 0.000000, 0.000000 
10.457653, -72.703297, 0.000000, 0.000000 
10.467652, -73.318681, 0.000000, 0.000000 
10.477652, -73.846154, 0.000000, 0.000000 
10.487652, -74.373626, 0.000000, 0.000000 
10.497652, -74.813187, 0.000000, 0.000000 
10.507651, -75.164835, 0.000000, 0.000000 
10.517651, -75.516484, 0.000000, 0.000000 
10.527651, -75.780220, 0.000000, 0.000000 
10.537651, -75.956044, 0.000000, 0.000000 
10.547650, -76.131868, 0.000000, 0.000000 
10.557650, -76.219780, 0.000000, 0.000000 
10.567649, -76.219780, 0.000000, 0.000000 
10.577649, -76.219780, 0.000000, 0.000000 
10.587649, -76.131868, 0.000000, 0.000000 
10.597648, -76.043956, 0.000000, 0.000000 
10.607648, -75.868132, 0.000000, 0.000000 
10.617648, -75.692308, 0.000000, 0.000000 
10.627647, -75.428571, 0.000000, 0.000000 
10.637646, -75.164835, 0.000000, 0.000000 
10.647646, -74.813187, 0.000000, 0.000000 
10.657646, -74.461538, 0.000000, 0.000000 
10.667645, -74.109890, 0.000000, 0.000000 
10.677644, -73.670330, 0.000000, 0.000000 
10.687644, -73.142857, 0.000000, 0.000000 
10.697644, -72.615385, 0.000000, 0.000000 
10.707644, -72.000000, 0.000000, 0.000000 
10.717643, -71.296703, 0.000000, 0.000000 
10.727643, -70.593407, 0.000000, 0.000000 
10.737643, -69.890110, 0.000000, 0.000000 
10.747642, -69.098901, 0.000000, 0.000000 
10.757642, -68.219780, 0.000000, 0.000000 
10.767641, -67.340659, 0.000000, 0.000000 
10.777641, -66.373626, 0.000000, 0.000000 
10.787640, -65.406593, 0.000000, 0.000000 
10.797640, -64.351648, 0.000000, 0.000000 
10.807639, -63.208791, 0.000000, 0.000000 
10.817639, -62.153846, 0.000000, 0.000000 
10.827639, -60.923077, 0.000000, 0.000000 
10.837638, -59.692308, 0.000000, 0.000000 
10.847637, -58.461538, 0.000000, 0.000000 
10.857637, -57.142857, 0.000000, 0.000000 
10.867636, -55.824176, 0.000000, 0.000000 
10.877636, -54.417582, 0.000000, 0.000000 
10.887636, -53.010989, 0.000000, 0.000000 
10.897635, -51.516484, 0.000000, 0.000000 
10.907635, -50.109890, 0.000000, 0.000000 
10.917635, -48.527473, 0.000000, 0.000000 
10.927634, -47.032967, 0.000000, 0.000000 
10.937634, -45.890110, 0.000000, 0.000000 
10.947634, -44.659341, 0.000000, 0.000000 
10.957633, -43.780220, 0.000000, 0.000000 
10.967632, -42.989011, 0.000000, 0.000000 
10.977631, -42.197802, 0.000000, 0.000000 
10.987631, -41.670330, 0.000000, 0.000000 
10.997631, -41.142857, 0.000000, 0.000000 
11.007631, -40.703297, 0.000000, 0.000000 
11.017630, -40.351648, 0.000000, 0.000000 
11.027630, -40.000000, 0.000000, 0.000000 
11.037629, -39.736264, 0.000000, 0.000000 
11.047629, -39.560440, 0.000000, 0.000000 
11.057629, -39.384615, 0.000000, 0.000000 
11.067628, -39.208791, 0.000000, 0.000000 
11.077628, -39.120879, 0.000000, 0.000000 
11.087628, -39.032967, 0.000000, 0.000000 
11.097628, -38.945055, 0.000000, 0.000000 
11.107627, -38.945055, 0.000000, 0.000000 
11.117627, -38.945055, 0.000000, 0.000000 
11.127627, -38.945055, 0.000000, 0.000000 
11.137626, -38.945055, 0.000000, 0.000000 
11.147626, -38.945055, 0.000000, 0.000000 
11.157625, -38.945055, 0.000000, 0.000000 
11.167625, -38.945055, 0.000000, 0.000000 
11.177624, -38.945055, 0.000000, 0.000000 
11.187624, -38.945055, 0.000000, 0.000000 
11.197624, -38.945055, 0.000000, 0.000000 
11.207623, -38.945055, 0.000000, 0.000000 
11.217622, -38.945055, 0.000000, 0.000000 
11.227623, -38.945055, 0.000000, 0.000000 
11.237622, -38.945055, 0.000000, 0.000000 
11.247622, -39.032967, 0.000000, 0.000000 
11.257621, -39.032967, 0.000000, 0.000000 
11.267620, -39.032967, 0.000000, 0.000000 
11.277620, -39.032967, 0.000000, 0.000000 
11.287619, -39.032967, 0.000000, 0.000000 
11.297619, -39.032967, 0.000000, 0.000000 
11.307618, -39.032967, 0.000000, 0.000000 
11.317618, -39.120879, 0.000000, 0.000000 
11.327618, -39.120879, 0.000000, 0.000000 
11.337617, -39.120879, 0.000000, 0.000000 
11.347617, -39.120879, 0.000000, 0.000000 
11.357616, -39.120879, 0.000000, 0.000000 
11.367616, -39.120879, 0.000000, 0.000000 
11.377615, -39.120879, 0.000000, 0.000000 
11.387615, -39.120879, 0.000000, 0.000000 
11.397615, -39.120879, 0.000000, 0.000000 
11.407614, -39.120879, 0.000000, 0.000000 
11.417614, -39.120879, 0.000000, 0.000000 
11.427613, -39.120879, 0.000000, 0.000000 
11.437613, -39.120879, 0.000000, 0.000000 
11.447613, -39.120879, 0.000000, 0.000000 
11.457612, -39.120879, 0.000000, 0.000000 
11.467612, -39.120879, 0.000000, 0.000000 
11.477612, -39.120879, 0.000000, 0.000000 
11.487611, -39.120879, 0.000000, 0.000000 
11.497611, -39.120879, 0.000000, 0.000000 
11.507610, -39.120879, 0.000000, 0.000000 
11.517610, -39.120879, 0.000000, 0.000000 
11.527610, -39.120879, 0.000000, 0.000000 
11.537609, -39.120879, 0.000000, 0.000000 
11.547609, -39.120879, 0.000000, 0.000000 
11.557609, -39.120879, 0.000000, 0.000000 
11.567608, -39.120879, 0.000000, 0.000000 
11.577608, -39.120879, 0.000000, 0.000000 
11.587607, -39.120879, 0.000000, 0.000000 
11.597607, -39.120879, 0.000000, 0.000000 
11.607606, -39.120879, 0.000000, 0.000000 
11.617606, -39.120879, 0.000000, 0.000000 
11.627606, -39.120879, 0.000000, 0.000000 
11.637606, -39.120879, 0.000000, 0.000000 
11.647606, -39.120879, 0.000000, 0.000000 
11.657605, -39.120879, 0.000000, 0.000000 
11.667605, -39.120879, 0.000000, 0.000000 
11.677604, -39.120879, 0.000000, 0.000000 
11.687604, -39.120879, 0.000000, 0.000000 
11.697604, -39.120879, 0.000000, 0.000000 
11.707604, -39.120879, 0.000000, 0.000000 
11.717604, -39.120879, 0.000000, 0.000000 
11.727603, -39.120879, 0.000000, 0.000000 
11.737603, -39.120879, 0.000000, 0.000000 
11.747602, -39.120879, 0.000000, 0.000000 
11.757602, -39.120879, 0.000000, 0.000000 
11.767602, -39.120879, 0.000000, 0.000000 
11.777601, -39.120879, 0.000000, 0.000000 
11.787601, -39.120879, 0.000000, 0.000000 
11.797600, -39.120879, 0.000000, 0.000000 
11.807600, -39.120879, 0.000000, 0.000000 
11.817600, -39.120879, 0.000000, 0.000000 
11.827599, -39.120879, 0.000000, 0.000000 
11.837599, -39.120879, 0.000000, 0.000000 
11.847599, -39.120879, 0.000000, 0.000000 
11.857598, -39.120879, 0.000000, 0.000000 
11.867598, -39.120879, 0.000000, 0.000000 
11.877598, -39.120879, 0.000000, 0.000000 
11.887598, -39.120879, 0.000000, 0.000000 
11.897597, -39.120879, 0.000000, 0.000000 
11.907597, -39.120879, 0.000000, 0.000000 
11.917597, -39.120879, 0.000000, 0.000000 
11.927597, -39.120879, 0.000000, 0.000000 
11.937596, -39.120879, 0.000000, 0.000000 
11.947595, -39.120879, 0.000000, 0.000000 
11.957595, -39.120879, 0.000000, 0.000000 
11.967594, -39.120879, 0.000000, 0.000000 
11.977594, -39.120879, 0.000000, 0.000000 
11.987594, -39.120879, 0.000000, 0.000000 
11.997593, -39.120879, 0.000000, 0.000000 
12.007593, -39.120879, 0.000000, 0.000000 
12.017592, -39.120879, 0.000000, 0.000000 
12.027592, -39.120879, 0.000000, 0.000000 
12.037591, -39.120879, 0.000000, 0.000000 
12.047591, -39.120879, 0.000000, 0.000000 
12.057591, -39.120879, 0.000000, 0.000000 
12.067591, -39.120879, 0.000000, 0.000000 
12.077591, -39.120879, 0.000000, 0.000000 
12.087590, -39.120879, 0.000000, 0.000000 
12.097590, -39.120879, 0.000000, 0.000000 
12.107589, -39.120879, 0.000000, 0.000000 
12.117589, -39.120879, 0.000000, 0.000000 
12.127588, -39.120879, 0.000000, 0.000000 
12.137588, -39.120879, 0.000000, 0.000000 
12.147588, -39.120879, 0.000000, 0.000000 
12.157587, -39.120879, 0.000000, 0.000000 
12.167587, -39.120879, 0.000000, 0.000000 
12.177587, -39.120879, 0.000000, 0.000000 
12.187587, -39.120879, 0.000000, 0.000000 
12.197586, -39.120879, 0.000000, 0.000000 
12.207586, -39.120879, 0.000000, 0.000000 
12.217585, -39.120879, 0.000000, 0.000000 
12.227585, -39.120879, 0.000000, 0.000000 
12.237585, -39.120879, 0.000000, 0.000000 
12.247585, -39.120879, 0.000000, 0.000000 
12.257585, -39.120879, 0.000000, 0.000000 
12.267584, -39.120879, 0.000000, 0.000000 
12.277583, -39.120879, 0.000000, 0.000000 
12.287583, -39.120879, 0.000000, 0.000000 
12.297583, -39.120879, 0.000000, 0.000000 
12.307583, -39.120879, 0.000000, 0.000000 
12.317582, -39.120879, 0.000000, 0.000000 
12.327582, -39.120879, 0.000000, 0.000000 
12.337582, -39.120879, 0.000000, 0.000000 
12.347581, -39.120879, 0.000000, 0.000000 
12.357580, -39.120879, 0.000000, 0.000000 
12.367580, -39.120879, 0.000000, 0.000000 
12.377580, -39.120879, 0.000000, 0.000000 
12.387579, -39.120879, 0.000000, 0.000000 
12.397578, -39.120879, 0.000000, 0.000000 
12.407578, -39.120879, 0.000000, 0.000000 
12.417578, -39.120879, 0.000000, 0.000000 
12.427578, -39.120879, 0.000000, 0.000000 
12.437577, -39.120879, 0.000000, 0.000000 
12.447577, -39.120879, 0.000000, 0.000000 
12.457576, -39.120879, 0.000000, 0.000000 
12.467576, -39.120879, 0.000000, 0.000000 
12.477576, -39.120879, 0.000000, 0.000000 
12.487575, -39.120879, 0.000000, 0.000000 
12.497575, -39.120879, 0.000000, 0.000000 
12.507574, -39.120879, 0.000000, 0.000000 
12.517573, -39.120879, 0.000000, 0.000000 
12.527572, -39.120879, 0.000000, 0.000000 
12.537572, -39.120879, 0.000000, 0.000000 
12.547572, -39.120879, 0.000000, 0.000000 
12.557572, -39.120879, 0.000000, 0.000000 
12.567571, -39.120879, 0.000000, 0.000000 
12.577571, -39.120879, 0.000000, 0.000000 
12.587570, -39.120879, 0.000000, 0.000000 
12.597570, -39.120879, 0.000000, 0.000000 
12.607569, -39.120879, 0.000000, 0.000000 
12.617568, -39.120879, 0.000000, 0.000000 
12.627568, -39.120879, 0.000000, 0.000000 
12.637567, -39.120879, 0.000000, 0.000000 
12.647567, -39.120879, 0.000000, 0.000000 
12.657566, -39.120879, 0.000000, 0.000000 
12.667566, -39.120879, 0.000000, 0.000000 
12.677566, -39.120879, 0.000000, 0.000000 
12.687566, -39.120879, 0.000000, 0.000000 
12.697566, -39.120879, 0.000000, 0.000000 
12.707565, -39.120879, 0.000000, 0.000000 
12.717565, -39.120879, 0.000000, 0.000000 
12.727565, -39.120879, 0.000000, 0.000000 
12.737564, -39.120879, 0.000000, 0.000000 
12.747564, -39.120879, 0.000000, 0.000000 
12.757563, -39.120879, 0.000000, 0.000000 
12.767563, -39.120879, 0.000000, 0.000000 
12.777562, -39.120879, 0.000000, 0.000000 
12.787562, -39.120879, 0.000000, 0.000000 
12.797562, -39.120879, 0.000000, 0.000000 
12.807561, -39.120879, 0.000000, 0.000000 
12.817560, -39.120879, 0.000000, 0.000000 
12.827560, -39.120879, 0.000000, 0.000000 
12.837560, -39.120879, 0.000000, 0.000000 
12.847559, -39.120879, 0.000000, 0.000000 
12.857558, -39.120879, 0.000000, 0.000000 
12.867558, -39.120879, 0.000000, 0.000000 
12.877557, -39.120879, 0.000000, 0.000000 
12.887557, -39.120879, 0.000000, 0.000000 
12.897557, -39.120879, 0.000000, 0.000000 
12.907556, -39.120879, 0.000000, 0.000000 
12.917556, -39.120879, 0.000000, 0.000000 
12.927555, -39.120879, 0.000000, 0.000000 
12.937555, -39.120879, 0.000000, 0.000000 
12.947555, -39.120879, 0.000000, 0.000000 
12.957554, -39.120879, 0.000000, 0.000000 
12.967554, -39.120879, 0.000000, 0.000000 
12.977554, -39.120879, 0.000000, 0.000000 
12.987553, -39.120879, 0.000000, 0.000000 
12.997553, -39.120879, 0.000000, 0.000000 
13.007553, -39.120879, 0.000000, 0.000000 
13.017553, -39.120879, 0.000000, 0.000000 
13.027553, -39.120879, 0.000000, 0.000000 
13.037552, -39.120879, 0.000000, 0.000000 
13.047552, -39.120879, 0.000000, 0.000000 
13.057551, -39.120879, 0.000000, 0.000000 
13.067551, -39.120879, 0.000000, 0.000000 
13.077551, -39.120879, 0.000000, 0.000000 
13.087551, -39.120879, 0.000000, 0.000000 
13.097550, -39.120879, 0.000000, 0.000000 
13.107549, -39.120879, 0.000000, 0.000000 
13.117549, -39.120879, 0.000000, 0.000000 
13.127548, -39.120879, 0.000000, 0.000000 
13.137548, -39.120879, 0.000000, 0.000000 
13.147547, -39.120879, 0.000000, 0.000000 
13.157546, -39.120879, 0.000000, 0.000000 
13.167546, -39.120879, 0.000000, 0.000000 
13.177546, -39.120879, 0.000000, 0.000000 
13.187546, -39.120879, 0.000000, 0.000000 
13.197546, -39.120879, 0.000000, 0.000000 
13.207546, -39.120879, 0.000000, 0.000000 
13.217545, -39.120879, 0.000000, 0.000000 
13.227545, -39.120879, 0.000000, 0.000000 
13.237545, -39.120879, 0.000000, 0.000000 
13.247544, -39.120879, 0.000000, 0.000000 
13.257543, -39.120879, 0.000000, 0.000000 
13.267542, -39.120879, 0.000000, 0.000000 
13.277542, -39.120879, 0.000000, 0.000000 
13.287542, -39.120879, 0.000000, 0.000000 
13.297541, -39.120879, 0.000000, 0.000000 
13.307541, -39.120879, 0.000000, 0.000000 
13.317541, -39.120879, 0.000000, 0.000000 
13.327540, -39.120879, 0.000000, 0.000000 
13.337539, -39.120879, 0.000000, 0.000000 
13.347539, -39.120879, 0.000000, 0.000000 
13.357538, -39.120879, 0.000000, 0.000000 
13.367537, -39.120879, 0.000000, 0.000000 
13.377537, -39.120879, 0.000000, 0.000000 
13.387537, -39.120879, 0.000000, 0.000000 
13.397537, -39.120879, 0.000000, 0.000000 
13.407536, -39.120879, 0.000000, 0.000000 
13.417536, -39.120879, 0.000000, 0.000000 
13.427535, -39.120879, 0.000000, 0.000000 
13.437535, -39.120879, 0.000000, 0.000000 
13.447535, -39.120879, 0.000000, 0.000000 
13.457535, -39.120879, 0.000000, 0.000000 
13.467534, -39.120879, 0.000000, 0.000000 
13.477534, -39.120879, 0.000000, 0.000000 
13.487534, -39.120879, 0.000000, 0.000000 
13.497534, -39.120879, 0.000000, 0.000000 
13.507533, -39.120879, 0.000000, 0.000000 
13.517533, -39.120879, 0.000000, 0.000000 
13.527533, -39.120879, 0.000000, 0.000000 
13.537532, -39.120879, 0.000000, 0.000000 
13.547532, -39.120879, 0.000000, 0.000000 
13.557532, -39.120879, 0.000000, 0.000000 
13.567532, -39.120879, 0.000000, 0.000000 
13.577532, -39.120879, 0.000000, 0.000000 
13.587532, -39.120879, 0.000000, 0.000000 
13.597532, -39.120879, 0.000000, 0.000000 
13.607532, -39.120879, 0.000000, 0.000000 
13.617532, -39.120879, 0.000000, 0.000000 
13.627531, -39.120879, 0.000000, 0.000000 
13.637531, -39.120879, 0.000000, 0.000000 
13.647530, -39.120879, 0.000000, 0.000000 
13.657529, -39.120879, 0.000000, 0.000000 
13.667529, -39.120879, 0.000000, 0.000000 
13.677529, -39.120879, 0.000000, 0.000000 
13.687529, -39.120879, 0.000000, 0.000000 
13.697529, -39.120879, 0.000000, 0.000000 
13.707528, -39.120879, 0.000000, 0.000000 
13.717528, -39.120879, 0.000000, 0.000000 
13.727527, -39.120879, 0.000000, 0.000000 
13.737527, -39.120879, 0.000000, 0.000000 
13.747527, -39.120879, 0.000000, 0.000000 
13.757527, -39.120879, 0.000000, 0.000000 
13.767526, -39.120879, 0.000000, 0.000000 
13.777526, -39.120879, 0.000000, 0.000000 
13.787525, -39.120879, 0.000000, 0.000000 
13.797525, -39.120879, 0.000000, 0.000000 
13.807524, -39.120879, 0.000000, 0.000000 
13.817524, -39.120879, 0.000000, 0.000000 
13.827524, -39.120879, 0.000000, 0.000000 
13.837523, -39.120879, 0.000000, 0.000000 
13.847522, -39.120879, 0.000000, 0.000000 
13.857522, -39.120879, 0.000000, 0.000000 
13.867522, -39.120879, 0.000000, 0.000000 
13.877522, -39.120879, 0.000000, 0.000000 
13.887521, -39.120879, 0.000000, 0.000000 
13.897521, -39.120879, 0.000000, 0.000000 
13.907521, -39.120879, 0.000000, 0.000000 
13.917521, -39.120879, 0.000000, 0.000000 
13.927521, -39.120879, 0.000000, 0.000000 
13.937521, -39.120879, 0.000000, 0.000000 
13.947520, -39.120879, 0.000000, 0.000000 
13.957519, -39.120879, 0.000000, 0.000000 
13.967519, -39.120879, 0.000000, 0.000000 
13.977519, -39.120879, 0.000000, 0.000000 
13.987519, -39.120879, 0.000000, 0.000000 
13.997518, -39.120879, 0.000000, 0.000000 
14.007517, -39.120879, 0.000000, 0.000000 
14.017517, -39.120879, 0.000000, 0.000000 
14.027517, -39.120879, 0.000000, 0.000000 
14.037517, -39.120879, 0.000000, 0.000000 
14.047516, -39.120879, 0.000000, 0.000000 
14.057516, -39.120879, 0.000000, 0.000000 
14.067515, -39.120879, 0.000000, 0.000000 
14.077515, -39.120879, 0.000000, 0.000000 
14.087514, -39.120879, 0.000000, 0.000000 
14.097514, -39.120879, 0.000000, 0.000000 
14.107514, -39.120879, 0.000000, 0.000000 
14.117513, -39.120879, 0.000000, 0.000000 
14.127513, -39.120879, 0.000000, 0.000000 
14.137512, -39.120879, 0.000000, 0.000000 
14.147512, -39.120879, 0.000000, 0.000000 
14.157511, -39.120879, 0.000000, 0.000000 
14.167511, -39.120879, 0.000000, 0.000000 
14.177510, -39.120879, 0.000000, 0.000000 
14.187510, -39.120879, 0.000000, 0.000000 
14.197510, -39.120879, 0.000000, 0.000000 
14.207510, -39.120879, 0.000000, 0.000000 
14.217509, -39.120879, 0.000000, 0.000000 
14.227509, -39.120879, 0.000000, 0.000000 
14.237508, -39.120879, 0.000000, 0.000000 
14.247507, -39.120879, 0.000000, 0.000000 
14.257506, -39.120879, 0.000000, 0.000000 
14.267506, -39.120879, 0.000000, 0.000000 
14.277505, -39.120879, 0.000000, 0.000000 
14.287505, -39.120879, 0.000000, 0.000000 
14.297505, -39.120879, 0.000000, 0.000000 
14.307505, -39.120879, 0.000000, 0.000000 
14.317505, -39.120879, 0.000000, 0.000000 
14.327504, -39.120879, 0.000000, 0.000000 
14.337504, -39.120879, 0.000000, 0.000000 
14.347503, -39.120879, 0.000000, 0.000000 
14.357503, -39.120879, 0.000000, 0.000000 
14.367503, -39.120879, 0.000000, 0.000000 
14.377503, -39.120879, 0.000000, 0.000000 
14.387503, -39.120879, 0.000000, 0.000000 
14.397502, -39.120879, 0.000000, 0.000000 
14.407502, -39.120879, 0.000000, 0.000000 
14.417502, -39.120879, 0.000000, 0.000000 
14.427502, -39.120879, 0.000000, 0.000000 
14.437501, -39.120879, 0.000000, 0.000000 
14.447501, -39.120879, 0.000000, 0.000000 
14.457501, -39.120879, 0.000000, 0.000000 
14.467501, -39.120879, 0.000000, 0.000000 
14.477501, -39.120879, 0.000000, 0.000000 
14.487501, -39.120879, 0.000000, 0.000000 
14.497500, -39.120879, 0.000000, 0.000000 
14.507500, -39.120879, 0.000000, 0.000000 
14.517499, -39.120879, 0.000000, 0.000000 
14.527499, -39.120879, 0.000000, 0.000000 
14.537499, -39.120879, 0.000000, 0.000000 
14.547498, -39.120879, 0.000000, 0.000000 
14.557498, -39.120879, 0.000000, 0.000000 
14.567498, -39.120879, 0.000000, 0.000000 
14.577497, -39.120879, 0.000000, 0.000000 
14.587497, -39.120879, 0.000000, 0.000000 
14.597497, -39.120879, 0.000000, 0.000000 
14.607496, -39.120879, 0.000000, 0.000000 
14.617496, -39.120879, 0.000000, 0.000000 
14.627496, -39.120879, 0.000000, 0.000000 
14.637495, -39.120879, 0.000000, 0.000000 
14.647495, -39.120879, 0.000000, 0.000000 
14.657494, -39.120879, 0.000000, 0.000000 
14.667494, -39.120879, 0.000000, 0.000000 
14.677494, -39.120879, 0.000000, 0.000000 
14.687494, -39.120879, 0.000000, 0.000000 
14.697493, -39.120879, 0.000000, 0.000000 
14.707493, -39.120879, 0.000000, 0.000000 
14.717493, -39.120879, 0.000000, 0.000000 
14.727492, -39.120879, 0.000000, 0.000000 
14.737492, -39.120879, 0.000000, 0.000000 
14.747491, -39.120879, 0.000000, 0.000000 
14.757491, -39.120879, 0.000000, 0.000000 
14.767491, -39.120879, 0.000000, 0.000000 
14.777490, -39.120879, 0.000000, 0.000000 
14.787490, -39.120879, 0.000000, 0.000000 
14.797490, -39.120879, 0.000000, 0.000000 
14.807490, -39.120879, 0.000000, 0.000000 
14.817489, -39.120879, 0.000000, 0.000000 
14.827489, -39.120879, 0.000000, 0.000000 
14.837489, -39.120879, 0.000000, 0.000000 
14.847488, -39.120879, 0.000000, 0.000000 
14.857487, -39.120879, 0.000000, 0.000000 
14.867487, -39.120879, 0.000000, 0.000000 
14.877487, -39.120879, 0.000000, 0.000000 
14.887487, -39.120879, 0.000000, 0.000000 
14.897486, -39.120879, 0.000000, 0.000000 
14.907485, -39.120879, 0.000000, 0.000000 
14.917485, -39.120879, 0.000000, 0.000000 
14.927484, -39.120879, 0.000000, 0.000000 
14.937484, -39.120879, 0.000000, 0.000000 
14.947484, -39.120879, 0.000000, 0.000000 
14.957483, -39.120879, 0.000000, 0.000000 
14.967483, -39.120879, 0.000000, 0.000000 
14.977482, -39.120879, 0.000000, 0.000000 
14.987482, -39.120879, 0.000000, 0.000000 
14.997482, -39.120879, 0.000000, 0.000000 
15.007481, -39.120879, 0.000000, 0.000000 
15.017481, -39.120879, 0.000000, 0.000000 
15.027480, -39.120879, 0.000000, 0.000000 
15.037480, -39.120879, 0.000000, 0.000000 
15.047479, -39.120879, 0.000000, 0.000000 
15.057478, -39.120879, 0.000000, 0.000000 
15.067478, -39.120879, 0.000000, 0.000000 
15.077478, -39.120879, 0.000000, 0.000000 
15.087478, -39.120879, 0.000000, 0.000000 
15.097477, -39.120879, 0.000000, 0.000000 
15.107477, -39.120879, 0.000000, 0.000000 
15.117477, -39.120879, 0.000000, 0.000000 
15.127476, -39.120879, 0.000000, 0.000000 
15.137476, -39.120879, 0.000000, 0.000000 
15.147475, -39.120879, 0.000000, 0.000000 
15.157475, -39.120879, 0.000000, 0.000000 
15.167474, -39.120879, 0.000000, 0.000000 
15.177474, -39.120879, 0.000000, 0.000000 
15.187473, -39.120879, 0.000000, 0.000000 
15.197473, -39.120879, 0.000000, 0.000000 
15.207473, -39.120879, 0.000000, 0.000000 
15.217472, -39.120879, 0.000000, 0.000000 
15.227472, -39.120879, 0.000000, 0.000000 
15.237472, -39.120879, 0.000000, 0.000000 
15.247471, -39.120879, 0.000000, 0.000000 
15.257471, -39.120879, 0.000000, 0.000000 
15.267471, -39.120879, 0.000000, 0.000000 
15.277471, -39.120879, 0.000000, 0.000000 
15.287470, -39.120879, 0.000000, 0.000000 
15.297470, -39.120879, 0.000000, 0.000000 
15.307470, -39.120879, 0.000000, 0.000000 
15.317470, -39.120879, 0.000000, 0.000000 
15.327470, -39.120879, 0.000000, 0.000000 
15.337470, -39.120879, 0.000000, 0.000000 
15.347469, -39.120879, 0.000000, 0.000000 
15.357468, -39.120879, 0.000000, 0.000000 
15.367468, -39.120879, 0.000000, 0.000000 
15.377468, -39.120879, 0.000000, 0.000000 
15.387468, -39.120879, 0.000000, 0.000000 
15.397467, -39.120879, 0.000000, 0.000000 
15.407466, -39.120879, 0.000000, 0.000000 
15.417466, -39.120879, 0.000000, 0.000000 
15.427466, -39.120879, 0.000000, 0.000000 
15.437465, -39.120879, 0.000000, 0.000000 
15.447465, -39.120879, 0.000000, 0.000000 
15.457464, -39.120879, 0.000000, 0.000000 
15.467464, -39.120879, 0.000000, 0.000000 
15.477464, -39.120879, 0.000000, 0.000000 
15.487464, -39.120879, 0.000000, 0.000000 
15.497464, -39.120879, 0.000000, 0.000000 
15.507463, -39.120879, 0.000000, 0.000000 
15.517463, -39.120879, 0.000000, 0.000000 
15.527463, -39.120879, 0.000000, 0.000000 
15.537462, -39.120879, 0.000000, 0.000000 
15.547461, -39.120879, 0.000000, 0.000000 
15.557460, -39.120879, 0.000000, 0.000000 
15.567460, -39.120879, 0.000000, 0.000000 
15.577460, -39.120879, 0.000000, 0.000000 
15.587459, -39.120879, 0.000000, 0.000000 
15.597459, -39.120879, 0.000000, 0.000000 
15.607458, -39.120879, 0.000000, 0.000000 
15.617458, -39.120879, 0.000000, 0.000000 
15.627458, -39.120879, 0.000000, 0.000000 
15.637458, -39.120879, 0.000000, 0.000000 
15.647457, -39.120879, 0.000000, 0.000000 
15.657456, -39.120879, 0.000000, 0.000000 
15.667455, -39.120879, 0.000000, 0.000000 
15.677455, -39.120879, 0.000000, 0.000000 
15.687454, -39.120879, 0.000000, 0.000000 
15.697454, -39.120879, 0.000000, 0.000000 
15.707454, -39.120879, 0.000000, 0.000000 
15.717453, -39.120879, 0.000000, 0.000000 
15.727453, -39.120879, 0.000000, 0.000000 
15.737453, -39.120879, 0.000000, 0.000000 
15.747452, -39.120879, 0.000000, 0.000000 
15.757452, -39.120879, 0.000000, 0.000000 
15.767451, -39.120879, 0.000000, 0.000000 
15.777451, -39.120879, 0.000000, 0.000000 
15.787451, -39.120879, 0.000000, 0.000000 
15.797451, -39.120879, 0.000000, 0.000000 
15.807451, -39.120879, 0.000000, 0.000000 
15.817451, -39.120879, 0.000000, 0.000000 
15.827451, -39.120879, 0.000000, 0.000000 
15.837450, -39.120879, 0.000000, 0.000000 
15.847450, -39.120879, 0.000000, 0.000000 
15.857450, -39.120879, 0.000000, 0.000000 
15.867449, -39.120879, 0.000000, 0.000000 
15.877448, -39.120879, 0.000000, 0.000000 
15.887448, -39.120879, 0.000000, 0.000000 
15.897448, -39.120879, 0.000000, 0.000000 
15.907447, -39.120879, 0.000000, 0.000000 
15.917447, -39.120879, 0.000000, 0.000000 
15.927447, -39.120879, 0.000000, 0.000000 
15.937447, -39.472527, 0.000000, 0.000000 
15.947446, -39.824176, 0.000000, 0.000000 
15.957446, -40.527473, 0.000000, 0.000000 
15.967446, -41.230769, 0.000000, 0.000000 
15.977446, -42.109890, 0.000000, 0.000000 
15.987445, -43.076923, 0.000000, 0.000000 
15.997445, -44.131868, 0.000000, 0.000000 
16.007445, -45.362637, 0.000000, 0.000000 
16.017445, -46.593407, 0.000000, 0.000000 
16.027445, -47.912088, 0.000000, 0.000000 
16.037444, -49.318681, 0.000000, 0.000000 
16.047444, -50.813187, 0.000000, 0.000000 
16.057444, -52.307692, 0.000000, 0.000000 
16.067443, -53.802198, 0.000000, 0.000000 
16.077443, -55.384615, 0.000000, 0.000000 
16.087443, -57.054945, 0.000000, 0.000000 
16.097443, -58.637363, 0.000000, 0.000000 
16.107443, -60.307692, 0.000000, 0.000000 
16.117442, -61.978022, 0.000000, 0.000000 
16.127442, -63.648352, 0.000000, 0.000000 
16.137442, -65.318681, 0.000000, 0.000000 
16.147442, -67.076923, 0.000000, 0.000000 
16.157441, -68.747253, 0.000000, 0.000000 
16.167441, -70.417582, 0.000000, 0.000000 
16.177441, -72.175824, 0.000000, 0.000000 
16.187441, -73.846154, 0.000000, 0.000000 
16.197440, -75.516484, 0.000000, 0.000000 
16.207440, -77.186813, 0.000000, 0.000000 
16.217439, -78.857143, 0.000000, 0.000000 
16.227439, -80.439560, 0.000000, 0.000000 
16.237438, -82.021978, 0.000000, 0.000000 
16.247438, -83.604396, 0.000000, 0.000000 
16.257437, -85.186813, 0.000000, 0.000000 
16.267437, -86.593407, 0.000000, 0.000000 
16.277437, -88.087912, 0.000000, 0.000000 
16.287436, -89.582418, 0.000000, 0.000000 
16.297436, -90.989011, 0.000000, 0.000000 
16.307436, -92.395604, 0.000000, 0.000000 
16.317436, -93.714286, 0.000000, 0.000000 
16.327435, -95.032967, 0.000000, 0.000000 
16.337435, -96.263736, 0.000000, 0.000000 
16.347435, -97.494505, 0.000000, 0.000000 
16.357435, -98.637363, 0.000000, 0.000000 
16.367435, -99.780220, 0.000000, 0.000000 
16.377434, -100.835165, 0.000000, 0.000000 
16.387434, -101.890110, 0.000000, 0.000000 
16.397434, -102.945055, 0.000000, 0.000000 
16.407433, -103.824176, 0.000000, 0.000000 
16.417433, -104.703297, 0.000000, 0.000000 
16.427433, -105.582418, 0.000000, 0.000000 
16.437432, -106.373626, 0.000000, 0.000000 
16.447432, -107.076923, 0.000000, 0.000000 
16.457431, -107.780220, 0.000000, 0.000000 
16.467431, -108.395604, 0.000000, 0.000000 
16.477430, -109.010989, 0.000000, 0.000000 
16.487430, -109.538462, 0.000000, 0.000000 
16.497429, -109.978022, 0.000000, 0.000000 
16.507429, -110.329670, 0.000000, 0.000000 
16.517429, -110.681319, 0.000000, 0.000000 
16.527429, -110.945055, 0.000000, 0.000000 
16.537429, -111.120879, 0.000000, 0.000000 
16.547428, -111.296703, 0.000000, 0.000000 
16.557428, -111.384615, 0.000000, 0.000000 
16.567428, -111.384615, 0.000000, 0.000000 
16.577427, -111.384615, 0.000000, 0.000000 
16.587426, -111.296703, 0.000000, 0.000000 
16.597426, -111.208791, 0.000000, 0.000000 
16.607426, -111.120879, 0.000000, 0.000000 
16.617425, -110.945055, 0.000000, 0.000000 
16.627425, -110.681319, 0.000000, 0.000000 
16.637649, -110.417582, 0.000000, 0.000000 
16.647649, -110.153846, 0.000000, 0.000000 
16.657649, -109.802198, 0.000000, 0.000000 
16.667648, -109.362637, 0.000000, 0.000000 
16.677648, -108.923077, 0.000000, 0.000000 
16.687648, -108.395604, 0.000000, 0.000000 
16.697648, -107.868132, 0.000000, 0.000000 
16.707648, -107.252747, 0.000000, 0.000000 
16.717647, -106.637363, 0.000000, 0.000000 
16.727646, -105.934066, 0.000000, 0.000000 
16.737646, -105.230769, 0.000000, 0.000000 
16.747648, -104.351648, 0.000000, 0.000000 
16.757648, -103.560440, 0.000000, 0.000000 
16.767647, -102.593407, 0.000000, 0.000000 
16.777647, -101.714286, 0.000000, 0.000000 
16.787647, -100.659341, 0.000000, 0.000000 
16.797647, -99.604396, 0.000000, 0.000000 
16.807647, -98.549451, 0.000000, 0.000000 
16.817646, -97.406593, 0.000000, 0.000000 
16.827646, -96.263736, 0.000000, 0.000000 
16.837646, -95.032967, 0.000000, 0.000000 
16.847646, -93.714286, 0.000000, 0.000000 
16.857645, -92.395604, 0.000000, 0.000000 
16.867644, -91.076923, 0.000000, 0.000000 
16.877644, -89.670330, 0.000000, 0.000000 
16.887643, -88.263736, 0.000000, 0.000000 
16.897642, -86.857143, 0.000000, 0.000000 
16.907642, -85.362637, 0.000000, 0.000000 
16.917642, -83.780220, 0.000000, 0.000000 
16.927642, -82.285714, 0.000000, 0.000000 
16.937642, -80.703297, 0.000000, 0.000000 
16.947642, -79.032967, 0.000000, 0.000000 
16.957642, -77.362637, 0.000000, 0.000000 
16.967642, -75.692308, 0.000000, 0.000000 
16.977641, -74.021978, 0.000000, 0.000000 
16.987640, -72.351648, 0.000000, 0.000000 
16.997640, -70.593407, 0.000000, 0.000000 
17.007640, -68.923077, 0.000000, 0.000000 
17.017639, -67.164835, 0.000000, 0.000000 
17.027639, -65.406593, 0.000000, 0.000000 
17.037639, -63.648352, 0.000000, 0.000000 
17.047639, -61.802198, 0.000000, 0.000000 
17.057638, -60.043956, 0.000000, 0.000000 
17.067638, -58.285714, 0.000000, 0.000000 
17.077637, -56.439560, 0.000000, 0.000000 
17.087637, -54.681319, 0.000000, 0.000000 
17.097637, -52.835165, 0.000000, 0.000000 
17.107637, -51.076923, 0.000000, 0.000000 
17.117637, -49.230769, 0.000000, 0.000000 
17.127637, -47.472527, 0.000000, 0.000000 
17.137637, -45.626374, 0.000000, 0.000000 
17.147637, -43.868132, 0.000000, 0.000000 
17.157636, -42.109890, 0.000000, 0.000000 
17.167635, -40.351648, 0.000000, 0.000000 
17.177634, -38.593407, 0.000000, 0.000000 
17.187634, -36.923077, 0.000000, 0.000000 
17.197634, -35.252747, 0.000000, 0.000000 
17.207633, -33.582418, 0.000000, 0.000000 
17.217633, -31.912088, 0.000000, 0.000000 
17.227632, -30.329670, 0.000000, 0.000000 
17.237632, -28.747253, 0.000000, 0.000000 
17.247632, -27.164835, 0.000000, 0.000000 
17.257631, -25.670330, 0.000000, 0.000000 
17.267631, -24.087912, 0.000000, 0.000000 
17.277630, -22.681319, 0.000000, 0.000000 
17.287629, -21.274725, 0.000000, 0.000000 
17.297629, -19.868132, 0.000000, 0.000000 
17.307629, -18.461538, 0.000000, 0.000000 
17.317628, -17.142857, 0.000000, 0.000000 
17.327628, -15.912088, 0.000000, 0.000000 
17.337628, -14.681319, 0.000000, 0.000000 
17.347627, -13.450549, 0.000000, 0.000000 
17.357627, -12.307692, 0.000000, 0.000000 
17.367627, -11.164835, 0.000000, 0.000000 
17.377627, -10.109890, 0.000000, 0.000000 
17.387626, -9.142857, 0.000000, 0.000000 
17.397626, -8.175824, 0.000000, 0.000000 
17.407625, -7.296703, 0.000000, 0.000000 
17.417625, -6.417582, 0.000000, 0.000000 
17.427624, -5.538462, 0.000000, 0.000000 
17.437624, -4.835165, 0.000000, 0.000000 
17.447623, -4.131868, 0.000000, 0.000000 
17.457623, -3.428571, 0.000000, 0.000000 
17.467622, -2.901099, 0.000000, 0.000000 
17.477622, -2.373626, 0.000000, 0.000000 
17.487622, -1.934066, 0.000000, 0.000000 
17.497621, -1.494505, 0.000000, 0.000000 
17.507621, -1.142857, 0.000000, 0.000000 
17.517621, -0.879121, 0.000000, 0.000000 
17.527620, -0.615385, 0.000000, 0.000000 
17.537620, -0.439560, 0.000000, 0.000000 
17.547619, -0.351648, 0.000000, 0.000000 
17.557619, -0.351648, 0.000000, 0.000000 
17.567619, -0.263736, 0.000000, 0.000000 
17.577618, -0.351648, 0.000000, 0.000000 
17.587618, -0.439560, 0.000000, 0.000000 
17.597618, -0.527473, 0.000000, 0.000000 
17.607617, -0.703297, 0.000000, 0.000000 
17.617617, -0.879121, 0.000000, 0.000000 
17.627616, -1.142857, 0.000000, 0.000000 
17.637615, -1.494505, 0.000000, 0.000000 
17.647615, -1.758242, 0.000000, 0.000000 
17.657614, -2.197802, 0.000000, 0.000000 
17.667614, -2.637363, 0.000000, 0.000000 
17.677613, -3.076923, 0.000000, 0.000000 
17.687612, -3.604396, 0.000000, 0.000000 
17.697612, -4.219780, 0.000000, 0.000000 
17.707612, -4.835165, 0.000000, 0.000000 
17.717612, -5.538462, 0.000000, 0.000000 
17.727612, -6.241758, 0.000000, 0.000000 
17.737611, -7.032967, 0.000000, 0.000000 
17.747611, -7.824176, 0.000000, 0.000000 
17.757610, -8.703297, 0.000000, 0.000000 
17.767610, -9.670330, 0.000000, 0.000000 
17.777609, -10.637363, 0.000000, 0.000000 
17.787609, -11.692308, 0.000000, 0.000000 
17.797609, -12.747253, 0.000000, 0.000000 
17.807608, -13.890110, 0.000000, 0.000000 
17.817608, -15.032967, 0.000000, 0.000000 
17.827608, -16.263736, 0.000000, 0.000000 
17.837607, -17.494505, 0.000000, 0.000000 
17.847607, -18.813187, 0.000000, 0.000000 
17.857606, -20.131868, 0.000000, 0.000000 
17.867606, -21.450549, 0.000000, 0.000000 
17.877605, -22.857143, 0.000000, 0.000000 
17.887604, -24.351648, 0.000000, 0.000000 
17.897604, -25.846154, 0.000000, 0.000000 
17.907604, -27.428571, 0.000000, 0.000000 
17.917604, -28.923077, 0.000000, 0.000000 
17.927604, -30.505495, 0.000000, 0.000000 
17.937604, -32.175824, 0.000000, 0.000000 
17.947603, -33.758242, 0.000000, 0.000000 
17.957602, -35.428571, 0.000000, 0.000000 
17.967601, -37.186813, 0.000000, 0.000000 
17.977600, -38.857143, 0.000000, 0.000000 
17.987600, -40.615385, 0.000000, 0.000000 
17.997600, -42.373626, 0.000000, 0.000000 
18.007600, -44.131868, 0.000000, 0.000000 
18.017599, -45.978022, 0.000000, 0.000000 
18.027599, -47.736264, 0.000000, 0.000000 
18.037599, -49.494505, 0.000000, 0.000000 
18.047598, -51.340659, 0.000000, 0.000000 
18.057598, -53.186813, 0.000000, 0.000000 
18.067597, -55.032967, 0.000000, 0.000000 
18.077597, -56.879121, 0.000000, 0.000000 
18.087597, -58.725275, 0.000000, 0.000000 
18.097597, -60.571429, 0.000000, 0.000000 
18.107596, -62.417582, 0.000000, 0.000000 
18.117596, -64.263736, 0.000000, 0.000000 
18.127596, -66.109890, 0.000000, 0.000000 
18.137595, -67.956044, 0.000000, 0.000000 
18.147596, -69.714286, 0.000000, 0.000000 
18.157595, -71.472527, 0.000000, 0.000000 
18.167595, -73.318681, 0.000000, 0.000000 
18.177594, -75.076923, 0.000000, 0.000000 
18.187594, -76.747253, 0.000000, 0.000000 
18.197594, -78.505495, 0.000000, 0.000000 
18.207594, -80.175824, 0.000000, 0.000000 
18.217594, -81.846154, 0.000000, 0.000000 
18.227593, -83.516484, 0.000000, 0.000000 
18.237593, -85.098901, 0.000000, 0.000000 
18.247593, -86.681319, 0.000000, 0.000000 
18.257592, -88.263736, 0.000000, 0.000000 
18.267591, -89.846154, 0.000000, 0.000000 
18.277591, -91.340659, 0.000000, 0.000000 
18.287591, -92.747253, 0.000000, 0.000000 
18.297590, -94.241758, 0.000000, 0.000000 
18.307589, -95.560440, 0.000000, 0.000000 
18.317589, -96.967033, 0.000000, 0.000000 
18.327588, -98.197802, 0.000000, 0.000000 
18.337588, -99.516484, 0.000000, 0.000000 
18.347588, -100.747253, 0.000000, 0.000000 
18.357587, -101.890110, 0.000000, 0.000000 
18.367587, -103.032967, 0.000000, 0.000000 
18.377586, -104.175824, 0.000000, 0.000000 
18.387585, -105.230769, 0.000000, 0.000000 
18.397585, -106.197802, 0.000000, 0.000000 
18.407585, -107.164835, 0.000000, 0.000000 
18.417585, -108.043956, 0.000000, 0.000000 
18.427584, -108.923077, 0.000000, 0.000000 
18.437584, -109.714286, 0.000000, 0.000000 
18.447584, -110.417582, 0.000000, 0.000000 
18.457584, -111.120879, 0.000000, 0.000000 
18.467583, -111.736264, 0.000000, 0.000000 
18.477582, -112.351648, 0.000000, 0.000000 
18.487582, -112.879121, 0.000000, 0.000000 
18.497582, -113.318681, 0.000000, 0.000000 
18.507582, -113.670330, 0.000000, 0.000000 
18.517581, -114.021978, 0.000000, 0.000000 
18.527581, -114.285714, 0.000000, 0.000000 
18.537581, -114.461538, 0.000000, 0.000000 
18.547580, -114.637363, 0.000000, 0.000000 
18.557580, -114.725275, 0.000000, 0.000000 
18.567580, -114.725275, 0.000000, 0.000000 
18.577579, -114.725275, 0.000000, 0.000000 
18.587579, -114.637363, 0.000000, 0.000000 
18.597579, -114.461538, 0.000000, 0.000000 
18.607579, -114.373626, 0.000000, 0.000000 
18.617578, -114.197802, 0.000000, 0.000000 
18.627578, -113.934066, 0.000000, 0.000000 
18.637578, -113.670330, 0.000000, 0.000000 
18.647578, -113.318681, 0.000000, 0.000000 
18.657577, -112.967033, 0.000000, 0.000000 
18.667577, -112.527473, 0.000000, 0.000000 
18.677576, -112.087912, 0.000000, 0.000000 
18.687576, -111.560440, 0.000000, 0.000000 
18.697576, -111.032967, 0.000000, 0.000000 
18.707576, -110.417582, 0.000000, 0.000000 
18.717575, -109.802198, 0.000000, 0.000000 
18.727576, -109.098901, 0.000000, 0.000000 
18.737575, -108.307692, 0.000000, 0.000000 
18.747575, -107.516484, 0.000000, 0.000000 
18.757575, -106.637363, 0.000000, 0.000000 
18.767574, -105.758242, 0.000000, 0.000000 
18.777574, -104.791209, 0.000000, 0.000000 
18.787573, -103.824176, 0.000000, 0.000000 
18.797572, -102.769231, 0.000000, 0.000000 
18.807572, -101.626374, 0.000000, 0.000000 
18.817572, -100.483516, 0.000000, 0.000000 
18.827571, -99.340659, 0.000000, 0.000000 
18.837571, -98.109890, 0.000000, 0.000000 
18.847570, -96.791209, 0.000000, 0.000000 
18.857571, -95.472527, 0.000000, 0.000000 
18.867570, -94.153846, 0.000000, 0.000000 
18.877570, -92.835165, 0.000000, 0.000000 
18.887570, -91.428571, 0.000000, 0.000000 
18.897570, -89.934066, 0.000000, 0.000000 
18.907570, -88.439560, 0.000000, 0.000000 
18.917569, -86.945055, 0.000000, 0.000000 
18.927569, -85.362637, 0.000000, 0.000000 
18.937569, -83.780220, 0.000000, 0.000000 
18.947568, -82.197802, 0.000000, 0.000000 
18.957568, -80.527473, 0.000000, 0.000000 
18.967567, -78.857143, 0.000000, 0.000000 
18.977566, -77.186813, 0.000000, 0.000000 
18.987566, -75.516484, 0.000000, 0.000000 
18.997566, -73.758242, 0.000000, 0.000000 
19.007566, -72.000000, 0.000000, 0.000000 
19.017566, -70.241758, 0.000000, 0.000000 
19.027566, -68.483516, 0.000000, 0.000000 
19.037565, -66.725275, 0.000000, 0.000000 
19.047565, -64.967033, 0.000000, 0.000000 
19.057565, -63.208791, 0.000000, 0.000000 
19.067564, -61.362637, 0.000000, 0.000000 
19.077564, -59.604396, 0.000000, 0.000000 
19.087563, -57.846154, 0.000000, 0.000000 
19.097563, -56.000000, 0.000000, 0.000000 
19.107563, -54.241758, 0.000000, 0.000000 
19.117562, -52.395604, 0.000000, 0.000000 
19.127562, -50.637363, 0.000000, 0.000000 
19.137561, -48.879121, 0.000000, 0.000000 
19.147561, -47.032967, 0.000000, 0.000000 
19.157561, -45.274725, 0.000000, 0.000000 
19.167561, -43.516484, 0.000000, 0.000000 
19.177560, -41.846154, 0.000000, 0.000000 
19.187560, -40.175824, 0.000000, 0.000000 
19.197559, -38.505495, 0.000000, 0.000000 
19.207559, -36.835165, 0.000000, 0.000000 
19.217559, -35.164835, 0.000000, 0.000000 
19.227559, -33.582418, 0.000000, 0.000000 
19.237558, -32.000000, 0.000000, 0.000000 
19.247558, -30.417582, 0.000000, 0.000000 
19.257557, -28.923077, 0.000000, 0.000000 
19.267557, -27.428571, 0.000000, 0.000000 
19.277557, -25.934066, 0.000000, 0.000000 
19.287557, -24.527473, 0.000000, 0.000000 
19.297556, -23.120879, 0.000000, 0.000000 
19.307556, -21.802198, 0.000000, 0.000000 
19.317556, -20.395604, 0.000000, 0.000000 
19.327555, -19.164835, 0.000000, 0.000000 
19.337555, -17.934066, 0.000000, 0.000000 
19.347555, -16.703297, 0.000000, 0.000000 
19.357554, -15.560440, 0.000000, 0.000000 
19.367554, -14.417582, 0.000000, 0.000000 
19.377553, -13.362637, 0.000000, 0.000000 
19.387553, -12.395604, 0.000000, 0.000000 
19.397553, -11.428571, 0.000000, 0.000000 
19.407552, -10.461538, 0.000000, 0.000000 
19.417552, -9.582418, 0.000000, 0.000000 
19.427552, -8.791209, 0.000000, 0.000000 
19.437551, -8.000000, 0.000000, 0.000000 
19.447551, -7.296703, 0.000000, 0.000000 
19.457551, -6.681319, 0.000000, 0.000000 
19.467551, -6.065934, 0.000000, 0.000000 
19.477550, -5.538462, 0.000000, 0.000000 
19.487550, -5.010989, 0.000000, 0.000000 
19.497549, -4.659341, 0.000000, 0.000000 
19.507549, -4.307692, 0.000000, 0.000000 
19.517549, -3.956044, 0.000000, 0.000000 
19.527549, -3.692308, 0.000000, 0.000000 
19.537548, -3.516484, 0.000000, 0.000000 
19.547548, -3.428571, 0.000000, 0.000000 
19.557547, -3.340659, 0.000000, 0.000000 
19.567546, -3.340659, 0.000000, 0.000000 
19.577546, -3.428571, 0.000000, 0.000000 
19.587545, -3.516484, 0.000000, 0.000000 
19.597545, -3.604396, 0.000000, 0.000000 
19.607544, -3.780220, 0.000000, 0.000000 
19.617544, -4.043956, 0.000000, 0.000000 
19.627543, -4.219780, 0.000000, 0.000000 
19.637543, -4.571429, 0.000000, 0.000000 
19.647542, -4.923077, 0.000000, 0.000000 
19.657541, -5.274725, 0.000000, 0.000000 
19.667541, -5.714286, 0.000000, 0.000000 
19.677541, -6.241758, 0.000000, 0.000000 
19.687540, -6.769231, 0.000000, 0.000000 
19.697540, -7.296703, 0.000000, 0.000000 
19.707540, -8.000000, 0.000000, 0.000000 
19.717539, -8.615385, 0.000000, 0.000000 
19.727539, -9.406593, 0.000000, 0.000000 
19.737538, -10.109890, 0.000000, 0.000000 
19.747538, -10.989011, 0.000000, 0.000000 
19.757538, -11.868132, 0.000000, 0.000000 
19.767538, -12.835165, 0.000000, 0.000000 
19.777538, -13.802198, 0.000000, 0.000000 
19.787537, -14.769231, 0.000000, 0.000000 
19.797537, -15.912088, 0.000000, 0.000000 
19.807537, -16.967033, 0.000000, 0.000000 
19.817536, -18.197802, 0.000000, 0.000000 
19.827536, -19.340659, 0.000000, 0.000000 
19.837535, -20.659341, 0.000000, 0.000000 
19.847535, -21.978022, 0.000000, 0.000000 
19.857534, -23.296703, 0.000000, 0.000000 
19.867534, -24.703297, 0.000000, 0.000000 
19.877533, -26.109890, 0.000000, 0.000000 
19.887533, -27.516484, 0.000000, 0.000000 
19.897532, -29.010989, 0.000000, 0.000000 
19.907531, -30.505495, 0.000000, 0.000000 
19.917531, -32.087912, 0.000000, 0.000000 
19.927531, -33.670330, 0.000000, 0.000000 
19.937530, -35.340659, 0.000000, 0.000000 
19.947530, -36.923077, 0.000000, 0.000000 
19.957529, -38.593407, 0.000000, 0.000000 
19.967529, -40.263736, 0.000000, 0.000000 
19.977529, -42.021978, 0.000000, 0.000000 
19.987528, -43.692308, 0.000000, 0.000000 
19.997528, -45.450549, 0.000000, 0.000000 
20.007527, -47.208791, 0.000000, 0.000000 
20.017527, -49.054945, 0.000000, 0.000000 
20.027526, -50.813187, 0.000000, 0.000000 
20.037526, -52.571429, 0.000000, 0.000000 
20.047525, -54.417582, 0.000000, 0.000000 
20.057525, -56.263736, 0.000000, 0.000000 
20.067524, -58.109890, 0.000000, 0.000000 
20.077524, -59.868132, 0.000000, 0.000000 
20.087524, -61.714286, 0.000000, 0.000000 
20.097523, -63.560440, 0.000000, 0.000000 
20.107523, -65.406593, 0.000000, 0.000000 
20.117523, -67.252747, 0.000000, 0.000000 
20.127523, -69.098901, 0.000000, 0.000000 
20.137522, -70.945055, 0.000000, 0.000000 
20.147523, -72.703297, 0.000000, 0.000000 
20.157522, -74.461538, 0.000000, 0.000000 
20.167522, -76.307692, 0.000000, 0.000000 
20.177521, -77.978022, 0.000000, 0.000000 
20.187520, -79.736264, 0.000000, 0.000000 
20.197520, -81.494505, 0.000000, 0.000000 
20.207520, -83.164835, 0.000000, 0.000000 
20.217520, -84.835165, 0.000000, 0.000000 
20.227519, -86.417582, 0.000000, 0.000000 
20.237519, -88.087912, 0.000000, 0.000000 
20.247519, -89.670330, 0.000000, 0.000000 
20.257519, -91.252747, 0.000000, 0.000000 
20.267518, -92.747253, 0.000000, 0.000000 
20.277517, -94.241758, 0.000000, 0.000000 
20.287517, -95.736264, 0.000000, 0.000000 
20.297517, -97.142857, 0.000000, 0.000000 
20.307516, -98.549451, 0.000000, 0.000000 
20.317516, -99.868132, 0.000000, 0.000000 
20.327516, -101.186813, 0.000000, 0.000000 
20.337515, -102.417582, 0.000000, 0.000000 
20.347514, -103.648352, 0.000000, 0.000000 
20.357514, -104.879121, 0.000000, 0.000000 
20.367514, -106.021978, 0.000000, 0.000000 
20.377513, -107.076923, 0.000000, 0.000000 
20.387513, -108.131868, 0.000000, 0.000000 
20.397512, -109.098901, 0.000000, 0.000000 
20.407512, -110.065934, 0.000000, 0.000000 
20.417512, -110.945055, 0.000000, 0.000000 
20.427512, -111.824176, 0.000000, 0.000000 
20.437511, -112.615385, 0.000000, 0.000000 
20.447510, -113.318681, 0.000000, 0.000000 
20.457510, -114.021978, 0.000000, 0.000000 
20.467510, -114.637363, 0.000000, 0.000000 
20.477510, -115.252747, 0.000000, 0.000000 
20.487509, -115.692308, 0.000000, 0.000000 
20.497509, -116.131868, 0.000000, 0.000000 
20.507509, -116.571429, 0.000000, 0.000000 
20.517509, -116.923077, 0.000000, 0.000000 
20.527508, -117.186813, 0.000000, 0.000000 
20.537508, -117.362637, 0.000000, 0.000000 
20.547508, -117.538462, 0.000000, 0.000000 
20.557507, -117.626374, 0.000000, 0.000000 
20.567507, -117.626374, 0.000000, 0.000000 
20.577507, -117.626374, 0.000000, 0.000000 
20.587506, -117.538462, 0.000000, 0.000000 
20.597506, -117.450549, 0.000000, 0.000000 
20.607505, -117.274725, 0.000000, 0.000000 
20.617505, -117.098901, 0.000000, 0.000000 
20.627505, -116.835165, 0.000000, 0.000000 
20.637505, -116.571429, 0.000000, 0.000000 
20.647507, -116.307692, 0.000000, 0.000000 
20.657507, -115.956044, 0.000000, 0.000000 
20.667506, -115.516484, 0.000000, 0.000000 
20.677506, -115.076923, 0.000000, 0.000000 
20.687506, -114.549451, 0.000000, 0.000000 
20.697506, -114.021978, 0.000000, 0.000000 
20.707505, -113.494505, 0.000000, 0.000000 
20.717505, -112.791209, 0.000000, 0.000000 
20.727505, -112.087912, 0.000000, 0.000000 
20.737504, -111.384615, 0.000000, 0.000000 
20.747504, -110.593407, 0.000000, 0.000000 
20.757503, -109.802198, 0.000000, 0.000000 
20.767502, -108.923077, 0.000000, 0.000000 
20.777502, -107.956044, 0.000000, 0.000000 
20.787502, -106.989011, 0.000000, 0.000000 
20.797501, -105.934066, 0.000000, 0.000000 
20.807501, -104.879121, 0.000000, 0.000000 
20.817501, -103.736264, 0.000000, 0.000000 
20.827501, -102.505495, 0.000000, 0.000000 
20.837501, -101.362637, 0.000000, 0.000000 
20.847500, -100.043956, 0.000000, 0.000000 
20.857499, -98.725275, 0.000000, 0.000000 
20.867499, -97.406593, 0.000000, 0.000000 
20.877498, -96.000000, 0.000000, 0.000000 
20.887498, -94.593407, 0.000000, 0.000000 
20.897498, -93.186813, 0.000000, 0.000000 
20.907498, -91.692308, 0.000000, 0.000000 
20.917497, 0.000000, 0.000000, 0.000000 
20.927496, 0.000000, 0.000000, 0.000000 
